INSERT INTO  public.blog_media (id, blog_id, url, url_for_deletion, media_type, created_at, updated_at) VALUES 
(1	1	https://pub-92b72a731f7641aba0ab9d1897016909.r2.dev/1-3694736b-8cef-494c-b65d-53cebccf32fc-GettyImages-713784033-5962f27b3df78cdc68bb2b6d.jpg	1-3694736b-8cef-494c-b65d-53cebccf32fc-GettyImages-713784033-5962f27b3df78cdc68bb2b6d.jpg	image	2025-09-14 06:44:01.894	2025-09-14 06:44:01.894)
(2	2	https://pub-92b72a731f7641aba0ab9d1897016909.r2.dev/2-10615d85-fa2f-4483-957e-c74dddf30c55-antoine-dautry-05A-kdOH6Hw-unsplash.jpg	2-10615d85-fa2f-4483-957e-c74dddf30c55-antoine-dautry-05A-kdOH6Hw-unsplash.jpg	image	2025-09-14 06:52:46.066	2025-09-14 06:52:46.066)
(3	3	https://pub-92b72a731f7641aba0ab9d1897016909.r2.dev/3-39f9c326-4a32-4244-8b6e-c476eff2a8db-thomas-t-OPpCbAAKWv8-unsplash.jpg	3-39f9c326-4a32-4244-8b6e-c476eff2a8db-thomas-t-OPpCbAAKWv8-unsplash.jpg	image	2025-09-14 06:56:41.992	2025-09-14 06:56:41.992)
(4	4	https://pub-92b72a731f7641aba0ab9d1897016909.r2.dev/4-ded66a3f-a1e8-4dae-b2cd-f2451faaf8e6-anoushka-puri-f1YfrZ1o2r8-unsplash.jpg	4-ded66a3f-a1e8-4dae-b2cd-f2451faaf8e6-anoushka-puri-f1YfrZ1o2r8-unsplash.jpg	image	2025-09-14 07:02:29.426	2025-09-14 07:02:29.426)
5	5	https://pub-92b72a731f7641aba0ab9d1897016909.r2.dev/5-02bdd43a-25af-484b-a362-585b4d70bc23-the-quadratic-formula-for-the-practice-problems-with-answers-1024x655.webp	5-02bdd43a-25af-484b-a362-585b4d70bc23-the-quadratic-formula-for-the-practice-problems-with-answers-1024x655.webp	image	2025-09-14 07:08:00.101	2025-09-14 07:08:00.101
6	6	https://pub-92b72a731f7641aba0ab9d1897016909.r2.dev/6-021dcfc1-fc6d-4a84-afe2-8e700595034d-Untitled.png	6-021dcfc1-fc6d-4a84-afe2-8e700595034d-Untitled.png	image	2025-09-14 09:32:00.108	2025-09-14 09:32:00.108
8	8	https://pub-92b72a731f7641aba0ab9d1897016909.r2.dev/8-41375df5-b995-4e54-8b6f-ddab1daac44d-GettyImages-713784033-5962f27b3df78cdc68bb2b6d.jpg	8-41375df5-b995-4e54-8b6f-ddab1daac44d-GettyImages-713784033-5962f27b3df78cdc68bb2b6d.jpg	image	2025-09-14 15:40:02.452	2025-09-14 15:40:02.452
9	8	https://pub-92b72a731f7641aba0ab9d1897016909.r2.dev/8-19849a6a-9934-4e4b-8e9b-db7b9618e1de-artturi-jalli-gYrYa37fAKI-unsplash.jpg	8-19849a6a-9934-4e4b-8e9b-db7b9618e1de-artturi-jalli-gYrYa37fAKI-unsplash.jpg	image	2025-09-14 15:40:03.924	2025-09-14 15:40:03.924
10	9	https://pub-92b72a731f7641aba0ab9d1897016909.r2.dev/9-a9173408-c6e8-4bf5-ab88-6575850eeb67-Chann Chhangngy - Copy.JPG	9-a9173408-c6e8-4bf5-ab88-6575850eeb67-Chann Chhangngy - Copy.JPG	image	2025-09-14 19:14:03.105	2025-09-14 19:14:03.105
11	10	https://pub-92b72a731f7641aba0ab9d1897016909.r2.dev/10-8fa9fecf-0999-40f3-a36b-8c100a11fd16-boy-student-sitting-stack-books-with-laptop-flat-icon-illustration_1284-64037.avif	10-8fa9fecf-0999-40f3-a36b-8c100a11fd16-boy-student-sitting-stack-books-with-laptop-flat-icon-illustration_1284-64037.avif	image	2025-09-14 19:16:17.657	2025-09-14 19:16:17.657
12	11	https://pub-92b72a731f7641aba0ab9d1897016909.r2.dev/11-050817ff-700d-46ad-bf05-f02cbb64a559-pexels-green-odette-232224115-31800220.jpg	11-050817ff-700d-46ad-bf05-f02cbb64a559-pexels-green-odette-232224115-31800220.jpg	image	2025-09-14 19:18:05.548	2025-09-14 19:18:05.548
13	12	https://pub-92b72a731f7641aba0ab9d1897016909.r2.dev/12-5da81fa5-fa0f-4263-87c9-dff0df04880b-1671944536ibhfw-318337544-689610512746235-5634062313698822539-n.jpg	12-5da81fa5-fa0f-4263-87c9-dff0df04880b-1671944536ibhfw-318337544-689610512746235-5634062313698822539-n.jpg	image	2025-09-14 19:21:12.897	2025-09-14 19:21:12.897
14	12	https://pub-92b72a731f7641aba0ab9d1897016909.r2.dev/12-2dd5c3a7-acba-4ca6-a4db-e152891ce3e8-85439.jpg	12-2dd5c3a7-acba-4ca6-a4db-e152891ce3e8-85439.jpg	image	2025-09-14 19:21:13.748	2025-09-14 19:21:13.748
15	13	https://pub-92b72a731f7641aba0ab9d1897016909.r2.dev/13-e8c59261-8934-4d25-8792-4b71843b8cd2-EAC-NEWS-2021-12-27_1.jpg	13-e8c59261-8934-4d25-8792-4b71843b8cd2-EAC-NEWS-2021-12-27_1.jpg	image	2025-09-14 19:22:15.802	2025-09-14 19:22:15.802
16	7	https://pub-92b72a731f7641aba0ab9d1897016909.r2.dev/7-00e9e427-3ec8-4899-8662-e426f39815f6-successful-graduation-university-smiling-beautiful-600nw-2246900309.webp	7-00e9e427-3ec8-4899-8662-e426f39815f6-successful-graduation-university-smiling-beautiful-600nw-2246900309.webp	image	2025-09-27 05:36:33.812	2025-09-27 05:36:33.812
\.


--
-- Data for Name: blogs; Type: TABLE DATA; Schema: public; Owner: postgres
--

COPY public.blogs (id, user_id, title, description, type, topic, view_count, like_amount, created_at, updated_at) FROM stdin;
14	18	My experience in bacii	## Hello i just finished bacii.\r\n\r\n\r\n***Time for uni***\r\n\r\n$$\\int_0^{\\infty}x^{n}\\,dx$$\r\n\r\n<br>	education	biology	1	0	2025-09-25 14:27:04.799	2025-09-25 14:27:20.169743
2	1	តើហេតុអ្វីគណិតវិទ្យាជាកូនសោរទៅកាន់វិទ្យាសាស្ត្រ?	\\# តើហេតុអ្វីគណិតវិទ្យាជាកូនសោរទៅកាន់វិទ្យាសាស្ត្រ?\r\nគណិតវិទ្យាគឺជាភាសារបស់វិទ្យាសាស្ត្រទាំងអស់។ ពេលយើងសិក្សាអំពីរូបវិទ្យា ឬគីមីវិទ្យា យើងតែងតែប្រើរូបមន្តគណិត។ \r\n\\*\\*ឧទាហរណ៍៖\\*\\* \r\n\\- ក្នុងរូបវិទ្យា ពេលយើងសិក្សាអំពីកម្លាំងទំនាញ យើងប្រើរូបមន្ត៖ \r\n$$F = G \\cdot \\frac{m_1 m_2}{r^2}$$ \r\n\\- ក្នុងគីមីវិទ្យា យើងប្រើសមីការអនុគមន៍ និងសមីការបំលែងអាតូម។ \r\n\\> គណិតវិទ្យាមិនមែនត្រឹមតែជាមេរៀនសាលាទេ ប៉ុន្តែវាជា "ភាសា" ដែលអាចពន្យល់ពិភពលោក។ \r\nការយល់ថាគ្មានគណិតវិទ្យា វិទ្យាសាស្ត្រមិនអាចមានបាន នាំឱ្យយើងមានចិត្តស្រលាញ់ការរៀនវាជាងមុន។ \r\n\\-\\-\\-	education	biology	6	0	2025-09-14 06:52:44.546	2025-09-27 15:18:02.661267
4	1	តួនាទីនៃវិទ្យាសាស្ត្រនៅក្នុងជីវិតប្រចាំថ្ងៃ	## តួនាទីនៃវិទ្យាសាស្ត្រនៅក្នុងជីវិតប្រចាំថ្ងៃ\r\n\r\n\r\nមនុស្សជាច្រើនគិតថាវិទ្យាសាស្ត្រត្រឹមតែសម្រាប់អ្នកវិទ្យាសាស្ត្រ ប៉ុន្តែជាក់ស្តែងវានៅគ្រប់ទីកន្លែង។ \r\n\r\n**ឧទាហរណ៍៖**\r\n\r\n* នៅពេលយើងចម្អិនម្ហូប គីមីវិទ្យាកំពុងដើរតួនាទី \r\n* នៅពេលយើងប្រើទូរស័ព្ទ ចលនាអេឡិចត្រូនិចកំពុងដើរតួនាទី \r\n* នៅពេលយើងសម្រាកក្រោមពន្លឺព្រះអាទិត្យ វិទ្យាសាស្ត្រពន្លឺកំពុងដើរតួនាទី \r\n\r\n$$E = mc^2$$ \r\n\r\n***នេះបង្ហាញថា ទោះជាយើងមិនសិក្សាផ្លូវការ វិទ្យាសាស្ត្រក៏នៅជាមួយយើងជានិច្ច។***	education	biology	6	0	2025-09-14 06:59:25.485	2025-09-28 14:49:30.253242
11	3	ជោគជ័យនេះមិនមែនសម្រាប់ខ្ញុំម្នាក់ទេ ប៉ុន្តែវាជាកិត្តិយសសម្រាប់គ្រួសារ និងអ្នកគាំទ្រទាំងអស់។	ក្នុងដំណើរត្រៀមប្រឡង ខ្ញុំមិនដែលដាច់ខាតពីការគាំទ្រពីគ្រូ និងគ្រួសារ។ គ្រូបានផ្តល់ដំបូន្មាន និងជំរុញឲ្យខ្ញុំកុំបោះបង់ ខណៈពេលដែលគ្រួសារបានលះបង់ពេលវេលា កម្លាំង និងក៏ទ្រព្យសម្បត្តិ ដើម្បីឲ្យខ្ញុំទទួលបានការសិក្សាល្អបំផុត។ ពេលលទ្ធផលប្រកាស ហើយឃើញថាខ្ញុំបាន A ពួកគេចូលរួមរីករាយ ហើយវាក្លាយជាមហាជោគជ័យមួយសម្រាប់គ្រួសារទាំងមូល។	education	biology	5	0	2025-09-14 19:18:04.532	2025-09-20 04:44:31.391184
12	3	I proudly earned an A grade in the Bac II national exam.	This is one of the highest academic achievements for Cambodian students. It shows my dedication, hard work, and the countless hours I invested in preparing for the exam.	education	biology	4	0	2025-09-14 19:21:11.697	2025-09-14 19:58:40.274173
13	3	Overcame Bac II Subject Challenges	Subjects like Mathematics and Physics were tough, but through practice and guidance from teachers, I managed to improve and perform well during the exam.	education	biology	6	0	2025-09-14 19:22:14.812	2025-09-14 20:25:57.420813
6	3	តើមានរបៀបងាយក្នុងការគណនាកម្រិត pH?	ឧទាហរណ៍៖ ការរំលាយជាតិអាស៊ីត \r\n[H+] = $$$$1 \\times 10^{-4}$$$$ \r\nតើអ្នកទាំងអស់គ្នាគិតថា pH គឺ…? \r\nតើមានគន្លឹះណាដែលងាយស្រួលក្នុងការចងចាំ log scale?	education	biology	17	0	2025-09-14 09:31:58.973	2025-09-16 04:13:14.989212
7	3	តើអ្នកមានគន្លឹះណាដើម្បីរៀនទុកចិត្តបាន?	ខ្លះប្រាប់ថា ការសរសេរកំណត់ហេតុ ជួយចងចាំល្អ។ \r\nខ្លះទៀតប្រាប់ថា ប្រើ flashcards ដើម្បីចងចាំទ្រឹស្តី។ \r\nតើអ្នកទាំងអស់គ្នាមានរបៀបណាដើម្បីរៀនមួយមុខសិក្សាដែលពិបាក? \r\nឧទាហរណ៍៖ សិក្សា formulas ដូចជា \r\n$$$$a^2 + b^2 = c^2$$$$	education	biology	55	0	2025-09-14 09:32:50.768	2025-10-01 15:28:46.232657
3	1	បទពិសោធន៍ក្នុងការសិក្សាជាក្រុម	# បទពិសោធន៍ក្នុងការសិក្សាជាក្រុម\r\n\r\n\r\nការរៀនម្នាក់ឯងអាចលំបាក តែការរៀនជាក្រុមអាចធ្វើឱ្យយល់រហ័សជាង។ \r\nខ្ញុំ និងមិត្តភក្តិបានបង្កើតក្រុមតូចមួយ ដើម្បីរៀនលើរូបវិទ្យា។\r\n\r\nអ្វីដែលខ្ញុំបានសង្កេតឃើញ៖\r\n\r\n* ពេលខ្លះ ខ្ញុំមិនយល់អំពីមេរៀនអេឡិចត្រូម៉ាញេទិច \r\n* ប៉ុន្តែពេលមិត្តភក្តិពន្យល់ដោយប្រើគំរូ និងគំនូរ ខ្ញុំចាប់ផ្តើមយល់ \r\n* ការសួរ និងឆ្លើយគ្នា បង្កើតការយល់ដឹងជ្រាលជ្រៅ \r\n\r\n\r\nឧទាហរណ៍៖ នៅពេលយើងសិក្សា អំពីច្បាប់អូម (Ohm’s law) \r\n$$V = I \\cdot R$$ \r\n\r\n*ដោយសារតែការពន្យល់គ្នា ខ្ញុំចាប់ផ្តើមយល់ថា "V" មិនមែនជារូបមន្តស្ងួតទេ ប៉ុន្តែវាអាចពន្យល់អំពីពិភពជាក់ស្តែង ដូចជាបន្ទះអគ្គិសនីក្នុងផ្ទះ។* \r\n\r\n\\-\\-\\-	education	biology	22	0	2025-09-14 06:56:40.456	2025-10-07 04:38:21.982965
5	1	គន្លឹះក្នុងការរៀនបានលឿនជាងមុន	# គន្លឹះក្នុងការរៀនបានលឿនជាងមុន\r\n\r\n\r\nខ្ញុំបានសាកល្បងវិធីរៀនជាច្រើន ហើយឃើញថា **ការបែងចែកពេលវេលា** និង **ការសរសេរចំណាំ** គឺជាវិធីមានប្រសិទ្ធភាព។ \r\n\r\n**វិធីសាស្ត្រដែលមានប្រសិទ្ធភាព**\r\n1\\. រៀន ២៥ នាទី → សម្រាក ៥ នាទី \\(Pomodoro\\) \r\n2\\. សរសេរចំណាំដោយប្រើ Markdown \r\n3\\. ពិនិត្យមើលម្តងទៀតជាមួយសមីការសំខាន់ៗ \r\n\r\n**ឧទាហរណ៍៖ នៅពេលរៀនគីមីវិទ្យា ខ្ញុំសរសេរចំណាំដូចជា៖**\r\n\r\n**ច្បាប់ឧស្ម័នបរិសុទ្ធ**\r\n\r\n $$PV = nRT$$ \r\n\r\n*ដោយសារតែការសរសេរដោយដៃ និងការធ្វើសង្ខេបខ្លួនឯង ខ្ញុំចាប់ផ្តើមចងចាំបានយូរ និងយល់ជ្រាលជ្រៅជាងមុន។*	education	biology	11	0	2025-09-14 07:06:41.146	2025-09-14 15:36:36.000712
10	3	ខ្ញុំបានផ្លាស់ប្តូរភាពលំបាកក្នុងការសិក្សាទៅជាចំណុចរឹងមាំ។	នៅដំបូង ខ្ញុំមានបញ្ហា និងភាពលំបាកក្នុងមុខវិជ្ជាជាច្រើន ដូចជា គណិតវិទ្យា និងរូបវិទ្យា។ ពេលខ្លះ ខ្ញុំមានអារម្មណ៍ថាចង់បោះបង់ ព្រោះមិនអាចយល់បានលឿនដូចមិត្តភក្តិ។ ប៉ុន្តែ ខ្ញុំជឿថាការបន្តព្យាយាម និងការសួរទៅកាន់គ្រូឬស្វែងយល់ពីឯកសារបន្ថែម អាចជួយឲ្យខ្ញុំឆ្លងកាត់បញ្ហានេះ។ ដោយសារតែភាពអត់ធ្មត់ និងវិន័យ ខ្ញុំអាចកែលម្អខ្លួនឯងបាន និងចុងក្រោយវិជ្ជាដែលធ្លាប់ជាការលំបាក បានក្លាយជាចំណុចរឹងមាំ ដែលជួយជំរុញឲ្យខ្ញុំទទួលបានពិន្ទុខ្ពស់។	education	biology	4	0	2025-09-14 19:16:16.514	2025-09-14 19:58:56.081198
8	1	គន្លិះសិក្សាដើម្បីបាននិទ្ទេស A	# គន្លិះសិក្សាដើម្បីបាននិទ្ទេស A\r\n\r\nការទទួលបាននិទ្ទេស **A** មិនមែនជាថ្ងៃឯកាសាឡើយ។ វាត្រូវការការយកចិត្តទុកដាក់ ការរៀបចំ និងការអនុវត្តយ៉ាងត្រឹមត្រូវ។ ខាងក្រោមនេះជាគន្លឹះសំខាន់ៗដែលអាចជួយសិស្សឲ្យមានជោគជ័យក្នុងការសិក្សា។\r\n\r\n***\r\n\r\n## ១. រៀបចំកាលវិភាគសិក្សា\r\n\r\n* ចំណាយពេលរៀងរាល់ថ្ងៃសម្រាប់មេរៀន។\r\n* ចែកម៉ោងទៅតាមមុខវិជ្ជា ដោយផ្តល់អាទិភាពទៅវិជ្ជាដែលពិបាកជាង។\r\n* កុំសិក្សាទាំងអស់ក្នុងយប់មួយ (cramming) ព្រោះវាមិនមានប្រសិទ្ធភាព។\r\n\r\n***\r\n\r\n## ២. ការយល់មូលដ្ឋានសំខាន់ជាងការចងចាំ\r\n\r\nជាឧទាហរណ៍ ក្នុងគណិតវិទ្យា ការយល់ពីរូបមន្តសំខាន់ៗនឹងជួយអោយយើងអាចដោះស្រាយលំហាត់ថ្មីបាន។បើគ្រាន់តែចងចាំ អាចភ្លេចបានងាយ។\r\n\r\n$$(a+b)^2 = a^2 + 2ab + b^2$$\r\n\r\nបើយល់ពីការបែងចែក នោះក៏អាចដោះស្រាយករណីផ្សេងៗបានផងដែរ។\r\n\r\n***\r\n\r\n## ៣. អនុវត្តដោយធ្វើលំហាត់\r\n\r\n* ការធ្វើលំហាត់ជាបន្តបន្ទាប់ជួយឲ្យអនុញ្ញាតខួរក្បាលយល់ច្បាស់។\r\n* នៅវិទ្យាសាស្រ្ត ការធ្វើទោល្យាការ និងពិសោធន៍តូចៗអាចជួយទប់ចំណេះដឹងបានល្អ។\r\n\r\nឧទាហរណ៍ លំហាត់ផ្នែកអាំងតេក្រាល៖\r\n\r\n$$\\int x^2 , dx = \\frac{x^3}{3} + C$$\r\n\r\nការធ្វើជាញឹកញាប់នឹងជួយឲ្យយល់ពេញលេញ មិនមែនត្រឹមតែចងចាំជាផ្លូវការ។\r\n\r\n***\r\n\r\n## ៤. ការសុំជំនួយ និងការចែករំលែក\r\n\r\n* សួរអ្នកគ្រូ ឬមិត្តភក្តិ បើមានអ្វីមិនយល់។\r\n* ចូលរួមក្នុងក្រុមសិក្សា ដើម្បីពិភាក្សា និងជួយគ្នា។\r\n\r\n***\r\n\r\n## ៥. ការចងចាំដោយវិធីមានប្រសិទ្ធភាព\r\n\r\n* ប្រើ **flashcards** សម្រាប់ពាក្យថ្មី។\r\n* ការរៀបចំ mindmap ឬសំណុំបែបបទខ្លីៗជួយឲ្យងាយស្រួលនឹកចាំ។\r\n\r\n***\r\n\r\n## ៦. ថែរក្សាសុខភាព\r\n\r\n* គេងឲ្យបានគ្រប់ម៉ោង។\r\n* បរិភោគអាហារដែលមានសារជាតិប្រយោជន៍។\r\n* ហាត់ប្រាណ ដើម្បីអោយខួរក្បាលស្រស់ស្រាយ។\r\n\r\n***\r\n\r\n# ✨ សន្និដ្ឋាន\r\n\r\nការទទួលបាន **និទ្ទេស A** គឺជាលទ្ធផលនៃការរៀបចំ ការអនុវត្ត និងការយកចិត្តទុកដាក់។ប្រសិនបើយើងអនុវត្តតាមគន្លឹះខាងលើ ជាមួយនឹងការអត់ធ្មត់ និងភាពខិតខំ អ្វីៗទាំងអស់គឺអាចទៅរួច។ 🚀	education	biology	33	0	2025-09-14 15:40:00.844	2025-10-01 15:29:39.75924
9	3	ខ្ញុំទទួលបាន A	បន្ទាប់ពីខិតខំប្រឹងប្រែងអស់រយៈពេលជាច្រើនឆ្នាំក្នុងការសិក្សា ខ្ញុំបានទទួលពិន្ទុ **A** នៅក្នុងការប្រឡងបាក់ឌុប (Bac II)។ ពេលដំបូងដែលខ្ញុំដឹងលទ្ធផល ខ្ញុំមានអារម្មណ៍រីករាយ និងមោទនភាពខ្លាំងណាស់ ព្រោះវាមិនមែនជារឿងងាយស្រួលឡើយក្នុងការទទួលបានលទ្ធផលខ្ពស់បែបនេះ។\r\nកំឡុងពេលរៀន ខ្ញុំតែងតែត្រៀមខ្លួនយ៉ាងម៉ត់ចត់។ ពេលព្រឹកទៅសាលារៀន ខ្ញុំស្តាប់មេរៀនយ៉ាងម៉ត់ចត់ និងកត់សំគាល់ចំណុចសំខាន់ៗ។ ពេលល្ងាច ខ្ញុំយកពេលស្ទួចស្ទង និងធ្វើលំហាត់បន្ថែម។ មានពេលខ្លះ ខ្ញុំបានជួបការលំបាកក្នុងមុខវិជ្ជាដូចជា គណិតវិទ្យា និងរូបវិទ្យា ប៉ុន្តែខ្ញុំមិនដែលបោះបង់ទេ។ ខ្ញុំសួរអ្នកគ្រូ សួរមិត្តភក្តិ និងស្វែងយល់តាមសៀវភៅឯកសារបន្ថែម ដើម្បីឲ្យខ្ញុំយល់ច្បាស់។\r\nក៏មានពេលដែលខ្ញុំមានអារម្មណ៍ហត់នឿយ ឬធុញទ្រាន់ ព្រោះត្រូវសិក្សារយៈពេលយូរ និងមានសំពាធច្រើន។ ប៉ុន្តែអ្វីដែលជាកម្លាំងផ្តល់កំលាំងឲ្យខ្ញុំបន្តនោះ គឺការគាំទ្រពីគ្រួសារ។ ពួកគេតែងតែជំរុញឲ្យខ្ញុំប្រឹងប្រែង ហើយជឿជាក់លើសមត្ថភាពរបស់ខ្ញុំ។\r\nនៅថ្ងៃប្រឡង ខ្ញុំមានអារម្មណ៍ស្ទាក់ស្ទើរ ប៉ុន្តែដោយសារតែការត្រៀមខ្លួនយ៉ាងល្អ ខ្ញុំអាចឆ្លើយបានល្អ។ ខ្ញុំបានប្រើចំណេះដឹងទាំងអស់ដែលខ្ញុំសិក្សា មកអនុវត្តក្នុងការឆ្លើយសំណួរ។\r\nពេលដែលលទ្ធផលប្រកាស ហើយឃើញថាខ្ញុំទទួលបាន **A** ខ្ញុំមានអារម្មណ៍ថាការខិតខំ និងការលះបង់ពេលវេលារបស់ខ្ញុំ មិនបានទៅវែងឥតប្រយោជន៍ឡើយ។ វាជាការបង្ហាញថា ប្រសិនបើយើងមានវិន័យ ស្មោះត្រង់ចំពោះការសិក្សា និងមានការខិតខំប្រឹងប្រែង មិនមានអ្វីដែលមិនអាចសម្រេចបានទេ។\r\nការទទួលបាន **A** នៅ Bac II មិនត្រឹមតែជាជោគជ័យផ្ទាល់ខ្លួនទេ ប៉ុន្តែវាជាក្ដីសង្ឃឹមសម្រាប់អនាគតផងដែរ។ វាធ្វើឲ្យខ្ញុំមានទំនុកចិត្តថា ខ្ញុំអាចបន្តការសិក្សាក្នុងមហាវិទ្យាល័យ ឬក៏បន្តការប្រឡងបន្ថែមបានដោយជោគជ័យ។ ជាពិសេស វាជារង្វាន់ដ៏មានតម្លៃសម្រាប់ឪពុកម្តាយ ដែលបានលះបង់ច្រើនដើម្បីឲ្យខ្ញុំទទួលបានការសិក្សាល្អ។\r\nសរុបមក បាក់ឌុប **A** គឺជាលទ្ធផលនៃការខិតខំប្រឹងប្រែង ការប្តេជ្ញាចិត្ត និងការគាំទ្រពីគ្រួសារ។ វាមានន័យច្រើនចំពោះខ្ញុំ ហើយខ្ញុំនឹងយកជោគជ័យនេះជាចំណុចចាប់ផ្តើម ដើម្បីបន្តផ្លូវអនាគតឲ្យកាន់តែល្អប្រសើរ។	education	biology	4	0	2025-09-14 19:14:01.771	2025-09-14 19:59:09.153074
1	1	បទពិសោធន៍ក្នុងការរៀនគណិតវិទ្យា នៅថ្នាក់ទី១២	\\# បទពិសោធន៍ក្នុងការរៀនគណិតវិទ្យា នៅថ្នាក់ទី១២\r\nខ្ញុំបានប្រឈមមុខនឹងការលំបាកជាច្រើនក្នុងការរៀនគណិតវិទ្យា ពិសេសនៅពេលរៀនអាំងតេក្រាល់។ \r\nជាច្រើនដង ខ្ញុំមានអារម្មណ៍ថាមិនអាចដោះស្រាយបានទេ ប៉ុន្តែបន្ទាប់ពីការអនុវត្តន៍ជាញឹកញាប់ និងការប្រើប្រាស់បច្ចេកទេសដូចជា \\*\\*សមីការជំនួស\\*\\* ខ្ញុំបានសង្កេតឃើញថា គន្លឹះសំខាន់គឺស៊ូស្រឡះ និងសួរអ្នកគ្រូ។ \r\n\\> មួយថ្ងៃ ខ្ញុំបានអនុវត្តលើលំហាត់ប្រភេទ $\\\\int x^2 dx$ ហើយដល់ពេលធ្វើបាន ខ្ញុំមានអារម្មណ៍ថា ខ្លួនឯងអាចឈ្នះលើភាពលំបាក។ \r\n$$\\int x^2 , dx = \\frac{x^3}{3} + C$$ \r\nការទទួលស្គាល់ថា "ការយល់អស់ពេល" គឺជាផ្នែកមួយនៃដំណើរការរៀន បានធ្វើឱ្យខ្ញុំក្លាយជាសិស្សដែលមានភាពអត់ធ្មត់កាន់តែច្រើន។\r\n\\-\\-\\-	education	biology	12	0	2025-09-14 06:44:01.131	2025-09-27 15:01:39.404485
\.


--
-- Data for Name: choices; Type: TABLE DATA; Schema: public; Owner: postgres
--

COPY public.choices (id, question_id, text, is_correct, created_at, updated_at) FROM stdin;
17	9	1	f	2025-09-14 17:13:59.009	2025-09-14 17:13:59.009
18	9	4	t	2025-09-14 17:13:59.332	2025-09-14 17:13:59.332
9	5	32	t	2025-09-14 14:05:19.489	2025-09-14 20:20:29.834713
10	5	20	f	2025-09-14 14:05:19.756	2025-09-14 20:20:30.372632
11	6	ផ្ការីទាំងអស់ឆាប់ស្រទាប់	f	2025-09-14 14:05:20.321	2025-09-14 20:20:31.707893
12	6	មិនអាចកំណត់បាន	t	2025-09-14 14:05:20.635	2025-09-14 20:20:32.242111
1	1	5√2	t	2025-09-14 14:01:59.567	2025-09-14 20:22:28.04412
2	1	10	f	2025-09-14 14:01:59.861	2025-09-14 20:22:28.574984
3	2	1	f	2025-09-14 14:02:00.409	2025-09-14 20:22:29.904091
4	2	6√2	t	2025-09-14 14:02:00.681	2025-09-14 20:22:30.431978
5	3	32	t	2025-09-14 14:05:08.308	2025-09-14 20:22:49.333806
6	3	20	f	2025-09-14 14:05:08.645	2025-09-14 20:22:49.869707
7	4	ផ្ការីទាំងអស់ឆាប់ស្រទាប់	f	2025-09-14 14:05:09.245	2025-09-14 20:22:51.18769
8	4	មិនអាចកំណត់បាន	t	2025-09-14 14:05:10.12	2025-09-14 20:22:51.712003
13	7	6	f	2025-09-14 14:08:20.728	2025-09-14 20:23:14.790516
14	7	11	t	2025-09-14 14:08:21.112	2025-09-14 20:23:15.357505
15	8	0	t	2025-09-14 14:08:21.931	2025-09-14 20:23:16.721558
16	8	1	f	2025-09-14 14:08:22.203	2025-09-14 20:23:17.265583
956	245	មិនពិត	f	2025-09-15 17:54:39.460952	2025-09-15 17:54:39.460952
957	245	ពិត	t	2025-09-15 17:54:39.460952	2025-09-15 17:54:39.460952
958	246	$$x^3$$	f	2025-09-15 17:54:41.317154	2025-09-15 17:54:41.317154
959	246	$$3x^2$$	t	2025-09-15 17:54:41.317154	2025-09-15 17:54:41.317154
960	247	$$a^2$$	f	2025-09-15 17:54:42.849087	2025-09-15 17:54:42.849087
961	247	$$2a$$	t	2025-09-15 17:54:42.849087	2025-09-15 17:54:42.849087
962	248	$$-\\cos x$$	f	2025-09-15 17:54:44.053931	2025-09-15 17:54:44.053931
963	248	$$\\cos x$$	t	2025-09-15 17:54:44.053931	2025-09-15 17:54:44.053931
964	249	$$xe^{x}$$	f	2025-09-15 17:54:45.317023	2025-09-15 17:54:45.317023
965	249	$$e^{x}$$	t	2025-09-15 17:54:45.317023	2025-09-15 17:54:45.317023
966	250	$$\\ln x$$	f	2025-09-15 17:54:46.616706	2025-09-15 17:54:46.616706
967	250	$$\\dfrac{1}{x}$$	t	2025-09-15 17:54:46.616706	2025-09-15 17:54:46.616706
968	251	$$3x^2$$	f	2025-09-15 17:54:48.138995	2025-09-15 17:54:48.138995
969	251	$$6x$$	t	2025-09-15 17:54:48.138995	2025-09-15 17:54:48.138995
970	252	មិនពិត	f	2025-09-15 17:54:49.434985	2025-09-15 17:54:49.434985
971	252	ពិត	t	2025-09-15 17:54:49.434985	2025-09-15 17:54:49.434985
972	253	$$3x^2 + C$$	f	2025-09-15 17:54:50.666914	2025-09-15 17:54:50.666914
973	253	$$\\dfrac{x^3}{3}+C$$	t	2025-09-15 17:54:50.666914	2025-09-15 17:54:50.666914
974	254	$$xe^{x}+C$$	f	2025-09-15 17:54:52.003987	2025-09-15 17:54:52.003987
975	254	$$e^{x}+C$$	t	2025-09-15 17:54:52.003987	2025-09-15 17:54:52.003987
976	255	$$1$$	f	2025-09-15 17:54:53.876012	2025-09-15 17:54:53.876012
977	255	$$\\tfrac{1}{2}$$	t	2025-09-15 17:54:53.876012	2025-09-15 17:54:53.876012
978	256	មិនពិត	f	2025-09-15 17:54:56.146986	2025-09-15 17:54:56.146986
979	256	ពិត	t	2025-09-15 17:54:56.146986	2025-09-15 17:54:56.146986
980	257	$$y = Ce^{x}$$	f	2025-09-15 17:54:57.767178	2025-09-15 17:54:57.767178
981	257	$$y = Ce^{-x}$$	t	2025-09-15 17:54:57.767178	2025-09-15 17:54:57.767178
982	258	$$y = C_1 x + C_2$$	f	2025-09-15 17:54:59.447001	2025-09-15 17:54:59.447001
983	258	$$y = C_1 e^{x} + C_2 e^{-x}$$	t	2025-09-15 17:54:59.447001	2025-09-15 17:54:59.447001
984	259	មិនពិត	f	2025-09-15 17:55:00.706354	2025-09-15 17:55:00.706354
985	259	ពិត	t	2025-09-15 17:55:00.706354	2025-09-15 17:55:00.706354
986	260	មិនពិត	f	2025-09-15 17:55:01.985909	2025-09-15 17:55:01.985909
987	260	ពិត	t	2025-09-15 17:55:01.985909	2025-09-15 17:55:01.985909
988	261	មិនពិត	f	2025-09-15 17:55:03.286075	2025-09-15 17:55:03.286075
989	261	ពិត	t	2025-09-15 17:55:03.286075	2025-09-15 17:55:03.286075
990	262	$$\\text{មិនពិត}$$	f	2025-09-15 17:55:04.526076	2025-09-15 17:55:04.526076
991	262	$$\\text{ពិត}$$	t	2025-09-15 17:55:04.526076	2025-09-15 17:55:04.526076
992	263	មិនពិត	f	2025-09-15 17:55:05.91691	2025-09-15 17:55:05.91691
993	263	ពិត	t	2025-09-15 17:55:05.91691	2025-09-15 17:55:05.91691
994	264	មិនពិត	f	2025-09-15 17:55:07.697127	2025-09-15 17:55:07.697127
995	264	ពិត	t	2025-09-15 17:55:07.697127	2025-09-15 17:55:07.697127
996	265	មិនពិត	f	2025-09-15 17:55:09.356971	2025-09-15 17:55:09.356971
997	265	ពិត	t	2025-09-15 17:55:09.356971	2025-09-15 17:55:09.356971
998	266	មិនពិត	f	2025-09-15 17:55:10.836986	2025-09-15 17:55:10.836986
999	266	ពិត	t	2025-09-15 17:55:10.836986	2025-09-15 17:55:10.836986
1028	281		f	2025-09-15 18:12:18.884622	2025-09-15 18:12:18.884622
1029	281		t	2025-09-15 18:12:18.884622	2025-09-15 18:12:18.884622
1030	282		f	2025-09-15 18:12:20.335629	2025-09-15 18:12:20.335629
1031	282		t	2025-09-15 18:12:20.335629	2025-09-15 18:12:20.335629
1032	283		f	2025-09-15 18:12:21.595798	2025-09-15 18:12:21.595798
1033	283		t	2025-09-15 18:12:21.595798	2025-09-15 18:12:21.595798
1034	284		f	2025-09-15 18:12:23.085486	2025-09-15 18:12:23.085486
1035	284		t	2025-09-15 18:12:23.085486	2025-09-15 18:12:23.085486
1036	285		f	2025-09-15 18:12:24.474591	2025-09-15 18:12:24.474591
1037	285		t	2025-09-15 18:12:24.474591	2025-09-15 18:12:24.474591
1038	286		f	2025-09-15 18:12:25.68551	2025-09-15 18:12:25.68551
1039	286		t	2025-09-15 18:12:25.68551	2025-09-15 18:12:25.68551
1040	287		f	2025-09-15 18:12:26.951595	2025-09-15 18:12:26.951595
1041	287		t	2025-09-15 18:12:26.951595	2025-09-15 18:12:26.951595
1042	288		f	2025-09-15 18:12:28.194537	2025-09-15 18:12:28.194537
1043	288		t	2025-09-15 18:12:28.194537	2025-09-15 18:12:28.194537
1044	289		f	2025-09-15 18:12:29.744549	2025-09-15 18:12:29.744549
1045	289		t	2025-09-15 18:12:29.744549	2025-09-15 18:12:29.744549
1046	290		f	2025-09-15 18:12:31.571672	2025-09-15 18:12:31.571672
1047	290		t	2025-09-15 18:12:31.571672	2025-09-15 18:12:31.571672
1048	291		f	2025-09-15 18:12:33.545813	2025-09-15 18:12:33.545813
1049	291		t	2025-09-15 18:12:33.545813	2025-09-15 18:12:33.545813
1050	292		f	2025-09-15 18:12:35.067623	2025-09-15 18:12:35.067623
1051	292		t	2025-09-15 18:12:35.067623	2025-09-15 18:12:35.067623
1052	293		f	2025-09-15 18:12:36.275555	2025-09-15 18:12:36.275555
1053	293		t	2025-09-15 18:12:36.275555	2025-09-15 18:12:36.275555
1054	294		f	2025-09-15 18:12:37.815509	2025-09-15 18:12:37.815509
1055	294		t	2025-09-15 18:12:37.815509	2025-09-15 18:12:37.815509
1056	295		f	2025-09-15 18:12:39.274464	2025-09-15 18:12:39.274464
1057	295		t	2025-09-15 18:12:39.274464	2025-09-15 18:12:39.274464
1058	296		f	2025-09-15 18:12:41.054588	2025-09-15 18:12:41.054588
1059	296		t	2025-09-15 18:12:41.054588	2025-09-15 18:12:41.054588
1060	297		f	2025-09-15 18:18:26.478643	2025-09-15 18:18:26.478643
1061	297		t	2025-09-15 18:18:26.478643	2025-09-15 18:18:26.478643
1062	298		f	2025-09-15 18:18:28.103675	2025-09-15 18:18:28.103675
1063	298		t	2025-09-15 18:18:28.103675	2025-09-15 18:18:28.103675
1064	299		f	2025-09-15 18:18:29.661884	2025-09-15 18:18:29.661884
1065	299		t	2025-09-15 18:18:29.661884	2025-09-15 18:18:29.661884
1066	300		f	2025-09-15 18:18:31.101507	2025-09-15 18:18:31.101507
1067	300		t	2025-09-15 18:18:31.101507	2025-09-15 18:18:31.101507
1068	301		f	2025-09-15 18:18:32.353571	2025-09-15 18:18:32.353571
1069	301		t	2025-09-15 18:18:32.353571	2025-09-15 18:18:32.353571
1070	302		f	2025-09-15 18:18:33.736579	2025-09-15 18:18:33.736579
1071	302		t	2025-09-15 18:18:33.736579	2025-09-15 18:18:33.736579
1072	303		f	2025-09-15 18:18:35.398532	2025-09-15 18:18:35.398532
1073	303		t	2025-09-15 18:18:35.398532	2025-09-15 18:18:35.398532
1074	304		f	2025-09-15 18:18:36.751694	2025-09-15 18:18:36.751694
1075	304		t	2025-09-15 18:18:36.751694	2025-09-15 18:18:36.751694
1076	305		f	2025-09-15 18:19:20.989899	2025-09-15 18:19:20.989899
1077	305		t	2025-09-15 18:19:20.989899	2025-09-15 18:19:20.989899
1078	306		f	2025-09-15 18:19:22.330016	2025-09-15 18:19:22.330016
1079	306		t	2025-09-15 18:19:22.330016	2025-09-15 18:19:22.330016
1080	307		f	2025-09-15 18:19:23.704963	2025-09-15 18:19:23.704963
1081	307		t	2025-09-15 18:19:23.704963	2025-09-15 18:19:23.704963
1082	308		f	2025-09-15 18:19:25.304914	2025-09-15 18:19:25.304914
1083	308		t	2025-09-15 18:19:25.304914	2025-09-15 18:19:25.304914
1084	309		f	2025-09-15 18:19:26.762907	2025-09-15 18:19:26.762907
1085	309		t	2025-09-15 18:19:26.762907	2025-09-15 18:19:26.762907
1086	310		f	2025-09-15 18:19:28.035967	2025-09-15 18:19:28.035967
1087	310		t	2025-09-15 18:19:28.035967	2025-09-15 18:19:28.035967
1088	311		f	2025-09-15 18:19:30.004905	2025-09-15 18:19:30.004905
1089	311		t	2025-09-15 18:19:30.004905	2025-09-15 18:19:30.004905
1090	312		f	2025-09-15 18:19:31.62588	2025-09-15 18:19:31.62588
1091	312		t	2025-09-15 18:19:31.62588	2025-09-15 18:19:31.62588
1092	313		f	2025-09-15 18:19:33.393967	2025-09-15 18:19:33.393967
1093	313		t	2025-09-15 18:19:33.393967	2025-09-15 18:19:33.393967
1000	267	មិនពិត	f	2025-09-15 17:56:12.337026	2025-09-15 17:56:12.337026
1001	267	ពិត	t	2025-09-15 17:56:12.337026	2025-09-15 17:56:12.337026
1002	268	មិនពិត	f	2025-09-15 17:56:14.396106	2025-09-15 17:56:14.396106
1003	268	ពិត	t	2025-09-15 17:56:14.396106	2025-09-15 17:56:14.396106
1004	269	មិនពិត	f	2025-09-15 17:56:16.087068	2025-09-15 17:56:16.087068
1005	269	ពិត	t	2025-09-15 17:56:16.087068	2025-09-15 17:56:16.087068
1006	270	មិនពិត	f	2025-09-15 17:56:17.65459	2025-09-15 17:56:17.65459
1007	270	ពិត	t	2025-09-15 17:56:17.65459	2025-09-15 17:56:17.65459
1008	271	មិនពិត	f	2025-09-15 17:56:19.135203	2025-09-15 17:56:19.135203
1009	271	ពិត	t	2025-09-15 17:56:19.135203	2025-09-15 17:56:19.135203
1010	272	មិនពិត	f	2025-09-15 17:56:20.346955	2025-09-15 17:56:20.346955
1011	272	ពិត	t	2025-09-15 17:56:20.346955	2025-09-15 17:56:20.346955
1012	273	មិនពិត	f	2025-09-15 17:56:21.581283	2025-09-15 17:56:21.581283
1013	273	ពិត	t	2025-09-15 17:56:21.581283	2025-09-15 17:56:21.581283
1014	274	មិនពិត	f	2025-09-15 17:56:22.875063	2025-09-15 17:56:22.875063
1015	274	ពិត	t	2025-09-15 17:56:22.875063	2025-09-15 17:56:22.875063
1016	275	មិនពិត	f	2025-09-15 17:56:24.56708	2025-09-15 17:56:24.56708
1017	275	ពិត	t	2025-09-15 17:56:24.56708	2025-09-15 17:56:24.56708
1018	276	មិនពិត	f	2025-09-15 17:56:26.448951	2025-09-15 17:56:26.448951
1019	276	ពិត	t	2025-09-15 17:56:26.448951	2025-09-15 17:56:26.448951
1020	277	មិនពិត	f	2025-09-15 17:56:27.92401	2025-09-15 17:56:27.92401
1021	277	ពិត	t	2025-09-15 17:56:27.92401	2025-09-15 17:56:27.92401
1022	278	មិនពិត	f	2025-09-15 17:56:29.477019	2025-09-15 17:56:29.477019
1023	278	ពិត	t	2025-09-15 17:56:29.477019	2025-09-15 17:56:29.477019
1024	279	$$x=1$$	f	2025-09-15 17:56:30.836934	2025-09-15 17:56:30.836934
1025	279	$$x=\\pm 1$$	t	2025-09-15 17:56:30.836934	2025-09-15 17:56:30.836934
1026	280	មិនពិត	f	2025-09-15 17:56:32.874034	2025-09-15 17:56:32.874034
1027	280	ពិត	t	2025-09-15 17:56:32.874034	2025-09-15 17:56:32.874034
367	97	ពឹងផ្អែកលើ $x$	f	2025-09-15 17:20:35.121284	2025-09-15 17:20:35.121284
368	97	មិនកំណត់	f	2025-09-15 17:20:35.121284	2025-09-15 17:20:35.121284
369	97	មិនពិត	f	2025-09-15 17:20:35.121284	2025-09-15 17:20:35.121284
370	97	ពិត	t	2025-09-15 17:20:35.121284	2025-09-15 17:20:35.121284
371	98	មិនកំណត់	f	2025-09-15 17:20:35.121284	2025-09-15 17:20:35.121284
372	98	$$e$$	f	2025-09-15 17:20:35.121284	2025-09-15 17:20:35.121284
373	98	$$0$$	f	2025-09-15 17:20:35.121284	2025-09-15 17:20:35.121284
374	98	$$1$$	t	2025-09-15 17:20:35.121284	2025-09-15 17:20:35.121284
375	99	មិនកំណត់	f	2025-09-15 17:20:35.121284	2025-09-15 17:20:35.121284
376	99	ពឹងផ្អែកលើស៊េរី	f	2025-09-15 17:20:35.121284	2025-09-15 17:20:35.121284
377	99	មិនពិត	f	2025-09-15 17:20:35.121284	2025-09-15 17:20:35.121284
378	99	ពិត	t	2025-09-15 17:20:35.121284	2025-09-15 17:20:35.121284
379	100	មិនកំណត់	f	2025-09-15 17:20:35.121284	2025-09-15 17:20:35.121284
380	100	$$\\infty$$	f	2025-09-15 17:20:35.121284	2025-09-15 17:20:35.121284
381	100	$$0$$	f	2025-09-15 17:20:35.121284	2025-09-15 17:20:35.121284
382	100	$$1$$	t	2025-09-15 17:20:35.121284	2025-09-15 17:20:35.121284
383	101	មិនកំណត់	f	2025-09-15 17:20:35.121284	2025-09-15 17:20:35.121284
384	101	ទៅ $$\\infty$$	f	2025-09-15 17:20:35.121284	2025-09-15 17:20:35.121284
385	101	$$1$$	f	2025-09-15 17:20:35.121284	2025-09-15 17:20:35.121284
386	101	$$0$$	t	2025-09-15 17:20:35.121284	2025-09-15 17:20:35.121284
387	102	មិនកំណត់	f	2025-09-15 17:20:35.121284	2025-09-15 17:20:35.121284
388	102	$$0$$	f	2025-09-15 17:20:35.121284	2025-09-15 17:20:35.121284
389	102	$$1$$	f	2025-09-15 17:20:35.121284	2025-09-15 17:20:35.121284
390	102	$$\\dfrac{1}{2}$$	t	2025-09-15 17:20:35.121284	2025-09-15 17:20:35.121284
391	103	ពឹងផ្អែកលើកម្រិត	f	2025-09-15 17:20:35.121284	2025-09-15 17:20:35.121284
392	103	មិនកំណត់	f	2025-09-15 17:20:35.121284	2025-09-15 17:20:35.121284
393	103	មិនពិត	f	2025-09-15 17:20:35.121284	2025-09-15 17:20:35.121284
394	103	ពិត	t	2025-09-15 17:20:35.121284	2025-09-15 17:20:35.121284
395	104	មិនកំណត់	f	2025-09-15 17:20:35.121284	2025-09-15 17:20:35.121284
396	104	ទៅ $$\\infty$$	f	2025-09-15 17:20:35.121284	2025-09-15 17:20:35.121284
397	104	$$1$$	f	2025-09-15 17:20:35.121284	2025-09-15 17:20:35.121284
398	104	$$0$$	t	2025-09-15 17:20:35.121284	2025-09-15 17:20:35.121284
399	105	មិនកំណត់	f	2025-09-15 17:20:35.121284	2025-09-15 17:20:35.121284
400	105	$$0$$	f	2025-09-15 17:20:35.121284	2025-09-15 17:20:35.121284
401	105	$$e$$	f	2025-09-15 17:20:35.121284	2025-09-15 17:20:35.121284
402	105	$$1$$	t	2025-09-15 17:20:35.121284	2025-09-15 17:20:35.121284
403	106	ពឹងផ្អែកលើ $x$	f	2025-09-15 17:20:35.121284	2025-09-15 17:20:35.121284
404	106	មិនកំណត់	f	2025-09-15 17:20:35.121284	2025-09-15 17:20:35.121284
405	106	មិនពិត	f	2025-09-15 17:20:35.121284	2025-09-15 17:20:35.121284
406	106	ពិត	t	2025-09-15 17:20:35.121284	2025-09-15 17:20:35.121284
407	107	ពឹងផ្អែកលើ $x$	f	2025-09-15 17:20:35.121284	2025-09-15 17:20:35.121284
408	107	មិនកំណត់	f	2025-09-15 17:20:35.121284	2025-09-15 17:20:35.121284
409	107	មិនពិត	f	2025-09-15 17:20:35.121284	2025-09-15 17:20:35.121284
410	107	ពិត	t	2025-09-15 17:20:35.121284	2025-09-15 17:20:35.121284
411	108	ពឹងផ្អែកលើ $x$	f	2025-09-15 17:20:35.121284	2025-09-15 17:20:35.121284
412	108	មិនកំណត់	f	2025-09-15 17:20:35.121284	2025-09-15 17:20:35.121284
413	108	មិនពិត	f	2025-09-15 17:20:35.121284	2025-09-15 17:20:35.121284
414	108	ពិត	t	2025-09-15 17:20:35.121284	2025-09-15 17:20:35.121284
415	109	ពឹងផ្អែកលើ $x$	f	2025-09-15 17:20:35.121284	2025-09-15 17:20:35.121284
416	109	មិនកំណត់	f	2025-09-15 17:20:35.121284	2025-09-15 17:20:35.121284
417	109	មិនពិត	f	2025-09-15 17:20:35.121284	2025-09-15 17:20:35.121284
418	109	ពិត	t	2025-09-15 17:20:35.121284	2025-09-15 17:20:35.121284
419	110	ពឹងផ្អែកលើ $x$	f	2025-09-15 17:20:35.121284	2025-09-15 17:20:35.121284
420	110	មិនកំណត់	f	2025-09-15 17:20:35.121284	2025-09-15 17:20:35.121284
421	110	ពិត	f	2025-09-15 17:20:35.121284	2025-09-15 17:20:35.121284
422	110	មិនពិត	t	2025-09-15 17:20:35.121284	2025-09-15 17:20:35.121284
423	111	ពឹងផ្អែកលើ $x$	f	2025-09-15 17:20:35.121284	2025-09-15 17:20:35.121284
424	111	មិនកំណត់	f	2025-09-15 17:20:35.121284	2025-09-15 17:20:35.121284
425	111	ពិត	f	2025-09-15 17:20:35.121284	2025-09-15 17:20:35.121284
426	111	មិនពិត	t	2025-09-15 17:20:35.121284	2025-09-15 17:20:35.121284
427	112	ពឹងផ្អែកលើ $x$	f	2025-09-15 17:20:35.121284	2025-09-15 17:20:35.121284
428	112	មិនកំណត់	f	2025-09-15 17:20:35.121284	2025-09-15 17:20:35.121284
429	112	មិនពិត	f	2025-09-15 17:20:35.121284	2025-09-15 17:20:35.121284
430	112	ពិត	t	2025-09-15 17:20:35.121284	2025-09-15 17:20:35.121284
431	113	ពឹងផ្អែកលើ $x$	f	2025-09-15 17:20:35.121284	2025-09-15 17:20:35.121284
432	113	មិនកំណត់	f	2025-09-15 17:20:35.121284	2025-09-15 17:20:35.121284
433	113	មិនពិត	f	2025-09-15 17:20:35.121284	2025-09-15 17:20:35.121284
434	113	ពិត	t	2025-09-15 17:20:35.121284	2025-09-15 17:20:35.121284
435	114	ពឹងផ្អែកលើ $x$	f	2025-09-15 17:20:35.121284	2025-09-15 17:20:35.121284
436	114	មិនកំណត់	f	2025-09-15 17:20:35.121284	2025-09-15 17:20:35.121284
437	114	មិនពិត	f	2025-09-15 17:20:35.121284	2025-09-15 17:20:35.121284
438	114	ពិត	t	2025-09-15 17:20:35.121284	2025-09-15 17:20:35.121284
439	115	មិនកំណត់	f	2025-09-15 17:20:35.121284	2025-09-15 17:20:35.121284
440	115	ពឹងផ្អែកលើ $x$	f	2025-09-15 17:20:35.121284	2025-09-15 17:20:35.121284
441	115	មិនពិត	f	2025-09-15 17:20:35.121284	2025-09-15 17:20:35.121284
442	115	ពិត	t	2025-09-15 17:20:35.121284	2025-09-15 17:20:35.121284
443	116	ពឹងផ្អែកលើ $x$	f	2025-09-15 17:20:35.121284	2025-09-15 17:20:35.121284
444	116	មិនកំណត់	f	2025-09-15 17:20:35.121284	2025-09-15 17:20:35.121284
445	116	មិនពិត	f	2025-09-15 17:20:35.121284	2025-09-15 17:20:35.121284
446	116	ពិត	t	2025-09-15 17:20:35.121284	2025-09-15 17:20:35.121284
447	117	ពឹងផ្អែកលើលីមីត	f	2025-09-15 17:20:35.121284	2025-09-15 17:20:35.121284
448	117	មិនកំណត់	f	2025-09-15 17:20:35.121284	2025-09-15 17:20:35.121284
449	117	មិនពិត	f	2025-09-15 17:20:35.121284	2025-09-15 17:20:35.121284
450	117	ពិត	t	2025-09-15 17:20:35.121284	2025-09-15 17:20:35.121284
451	118	ពឹងផ្អែកលើ $x$	f	2025-09-15 17:20:35.121284	2025-09-15 17:20:35.121284
452	118	មិនកំណត់	f	2025-09-15 17:20:35.121284	2025-09-15 17:20:35.121284
453	118	មិនពិត	f	2025-09-15 17:20:35.121284	2025-09-15 17:20:35.121284
454	118	ពិត	t	2025-09-15 17:20:35.121284	2025-09-15 17:20:35.121284
455	119	មិនកំណត់	f	2025-09-15 17:20:35.121284	2025-09-15 17:20:35.121284
456	119	ពឹងផ្អែកលើ $x$	f	2025-09-15 17:20:35.121284	2025-09-15 17:20:35.121284
457	119	មិនពិត	f	2025-09-15 17:20:35.121284	2025-09-15 17:20:35.121284
458	119	ពិត	t	2025-09-15 17:20:35.121284	2025-09-15 17:20:35.121284
459	120	ពឹងផ្អែកលើ $L$	f	2025-09-15 17:20:35.121284	2025-09-15 17:20:35.121284
460	120	មិនកំណត់	f	2025-09-15 17:20:35.121284	2025-09-15 17:20:35.121284
461	120	មិនពិត	f	2025-09-15 17:20:35.121284	2025-09-15 17:20:35.121284
462	120	ពិត	t	2025-09-15 17:20:35.121284	2025-09-15 17:20:35.121284
463	121	មិនកំណត់	f	2025-09-15 17:20:35.121284	2025-09-15 17:20:35.121284
464	121	ពឹងផ្អែកលើដែនកំណត់	f	2025-09-15 17:20:35.121284	2025-09-15 17:20:35.121284
465	121	មិនពិត	f	2025-09-15 17:20:35.121284	2025-09-15 17:20:35.121284
466	121	ពិត	t	2025-09-15 17:20:35.121284	2025-09-15 17:20:35.121284
467	122	ពឹងផ្អែកលើ $a$	f	2025-09-15 17:20:35.121284	2025-09-15 17:20:35.121284
468	122	មិនកំណត់	f	2025-09-15 17:20:35.121284	2025-09-15 17:20:35.121284
469	122	មិនពិត	f	2025-09-15 17:20:35.121284	2025-09-15 17:20:35.121284
470	122	ពិត	t	2025-09-15 17:20:35.121284	2025-09-15 17:20:35.121284
471	123	មិនកំណត់	f	2025-09-15 17:20:35.121284	2025-09-15 17:20:35.121284
472	123	ពឹងផ្អែកលើ $L,M$	f	2025-09-15 17:20:35.121284	2025-09-15 17:20:35.121284
473	123	មិនពិត	f	2025-09-15 17:20:35.121284	2025-09-15 17:20:35.121284
474	123	ពិត	t	2025-09-15 17:20:35.121284	2025-09-15 17:20:35.121284
475	124	មិនកំណត់	f	2025-09-15 17:20:35.121284	2025-09-15 17:20:35.121284
476	124	ពឹងផ្អែកលើ $a$	f	2025-09-15 17:20:35.121284	2025-09-15 17:20:35.121284
477	124	មិនពិត	f	2025-09-15 17:20:35.121284	2025-09-15 17:20:35.121284
478	124	ពិត	t	2025-09-15 17:20:35.121284	2025-09-15 17:20:35.121284
479	125	ជាប់ខាងឆ្វេងតែប៉ុណ្ណោះ	f	2025-09-15 17:20:35.121284	2025-09-15 17:20:35.121284
480	125	ជាប់ខាងស្តាំតែប៉ុណ្ណោះ	f	2025-09-15 17:20:35.121284	2025-09-15 17:20:35.121284
481	125	មិនជាប់	f	2025-09-15 17:20:35.121284	2025-09-15 17:20:35.121284
482	125	ជាប់	t	2025-09-15 17:20:35.121284	2025-09-15 17:20:35.121284
483	126	ពឹងផ្អែកលើខាងស្តាំ/ឆ្វេង	f	2025-09-15 17:20:35.121284	2025-09-15 17:20:35.121284
484	126	មិនកំណត់	f	2025-09-15 17:20:35.121284	2025-09-15 17:20:35.121284
485	126	មិនពិត	f	2025-09-15 17:20:35.121284	2025-09-15 17:20:35.121284
486	126	ពិត	t	2025-09-15 17:20:35.121284	2025-09-15 17:20:35.121284
487	127	មិនកំណត់	f	2025-09-15 17:20:35.121284	2025-09-15 17:20:35.121284
488	127	$$\\infty$$	f	2025-09-15 17:20:35.121284	2025-09-15 17:20:35.121284
489	127	$$0$$	f	2025-09-15 17:20:35.121284	2025-09-15 17:20:35.121284
490	127	$$-\\dfrac{1}{2}$$	t	2025-09-15 17:20:35.121284	2025-09-15 17:20:35.121284
491	128	មិនកំណត់	f	2025-09-15 17:20:35.121284	2025-09-15 17:20:35.121284
492	128	ទៅ $$\\infty$$	f	2025-09-15 17:20:35.121284	2025-09-15 17:20:35.121284
493	128	$$0$$	f	2025-09-15 17:20:35.121284	2025-09-15 17:20:35.121284
494	128	$$1$$	t	2025-09-15 17:20:35.121284	2025-09-15 17:20:35.121284
495	129	មិនកំណត់	f	2025-09-15 17:20:35.121284	2025-09-15 17:20:35.121284
496	129	$$\\infty$$	f	2025-09-15 17:20:35.121284	2025-09-15 17:20:35.121284
497	129	$$0$$	f	2025-09-15 17:20:35.121284	2025-09-15 17:20:35.121284
498	129	$$1$$	t	2025-09-15 17:20:35.121284	2025-09-15 17:20:35.121284
499	130	មិនកំណត់	f	2025-09-15 17:20:35.121284	2025-09-15 17:20:35.121284
500	130	$$e$$	f	2025-09-15 17:20:35.121284	2025-09-15 17:20:35.121284
501	130	$$0$$	f	2025-09-15 17:20:35.121284	2025-09-15 17:20:35.121284
502	130	$$1$$	t	2025-09-15 17:20:35.121284	2025-09-15 17:20:35.121284
503	131	មិនកំណត់	f	2025-09-15 17:20:35.121284	2025-09-15 17:20:35.121284
504	131	$$0$$	f	2025-09-15 17:20:35.121284	2025-09-15 17:20:35.121284
505	131	$$-a$$	f	2025-09-15 17:20:35.121284	2025-09-15 17:20:35.121284
506	131	$$-\\dfrac{a^2}{2}$$	t	2025-09-15 17:20:35.121284	2025-09-15 17:20:35.121284
507	132	ពឹងផ្អែកលើ $a$	f	2025-09-15 17:20:35.121284	2025-09-15 17:20:35.121284
508	132	$$\\infty$$	f	2025-09-15 17:20:35.121284	2025-09-15 17:20:35.121284
509	132	$$1$$	f	2025-09-15 17:20:35.121284	2025-09-15 17:20:35.121284
510	132	$$0$$	t	2025-09-15 17:20:35.121284	2025-09-15 17:20:35.121284
511	133	មិនកំណត់	f	2025-09-15 17:20:35.121284	2025-09-15 17:20:35.121284
512	133	$$+\\infty$$	f	2025-09-15 17:20:35.121284	2025-09-15 17:20:35.121284
513	133	$$-\\infty$$	f	2025-09-15 17:20:35.121284	2025-09-15 17:20:35.121284
514	133	$$0$$	t	2025-09-15 17:20:35.121284	2025-09-15 17:20:35.121284
515	134	មិនកំណត់	f	2025-09-15 17:20:35.121284	2025-09-15 17:20:35.121284
516	134	$$0$$	f	2025-09-15 17:20:35.121284	2025-09-15 17:20:35.121284
517	134	$$\\dfrac{1}{3}$$	f	2025-09-15 17:20:35.121284	2025-09-15 17:20:35.121284
518	134	$$-\\dfrac{1}{3}$$	t	2025-09-15 17:20:35.121284	2025-09-15 17:20:35.121284
519	135	មិនកំណត់	f	2025-09-15 17:20:35.121284	2025-09-15 17:20:35.121284
520	135	$$1$$	f	2025-09-15 17:20:35.121284	2025-09-15 17:20:35.121284
521	135	$$0$$	f	2025-09-15 17:20:35.121284	2025-09-15 17:20:35.121284
522	135	$$-1$$	t	2025-09-15 17:20:35.121284	2025-09-15 17:20:35.121284
523	136	មិនកំណត់	f	2025-09-15 17:20:35.121284	2025-09-15 17:20:35.121284
524	136	ទៅ $$\\infty$$	f	2025-09-15 17:20:35.121284	2025-09-15 17:20:35.121284
525	136	$$1$$	f	2025-09-15 17:20:35.121284	2025-09-15 17:20:35.121284
526	136	$$0$$	t	2025-09-15 17:20:35.121284	2025-09-15 17:20:35.121284
527	137	មិនកំណត់	f	2025-09-15 17:20:35.121284	2025-09-15 17:20:35.121284
528	137	$$\\infty$$	f	2025-09-15 17:20:35.121284	2025-09-15 17:20:35.121284
529	137	$$0$$	f	2025-09-15 17:20:35.121284	2025-09-15 17:20:35.121284
530	137	$$1$$	t	2025-09-15 17:20:35.121284	2025-09-15 17:20:35.121284
531	138	មិនកំណត់	f	2025-09-15 17:20:35.121284	2025-09-15 17:20:35.121284
532	138	ពឹងផ្អែកលើ $n$	f	2025-09-15 17:20:35.121284	2025-09-15 17:20:35.121284
533	138	$$0$$	f	2025-09-15 17:20:35.121284	2025-09-15 17:20:35.121284
534	138	$$\\infty$$	t	2025-09-15 17:20:35.121284	2025-09-15 17:20:35.121284
535	139	មិនកំណត់	f	2025-09-15 17:20:35.121284	2025-09-15 17:20:35.121284
536	139	$$\\infty$$	f	2025-09-15 17:20:35.121284	2025-09-15 17:20:35.121284
537	139	$$0$$	f	2025-09-15 17:20:35.121284	2025-09-15 17:20:35.121284
538	139	$$1$$	t	2025-09-15 17:20:35.121284	2025-09-15 17:20:35.121284
539	140	មិនកំណត់	f	2025-09-15 17:20:35.121284	2025-09-15 17:20:35.121284
540	140	$$0$$	f	2025-09-15 17:20:35.121284	2025-09-15 17:20:35.121284
541	140	$$\\dfrac{1}{2}$$	f	2025-09-15 17:20:35.121284	2025-09-15 17:20:35.121284
542	140	$$\\dfrac{1}{6}$$	t	2025-09-15 17:20:35.121284	2025-09-15 17:20:35.121284
543	141	មិនកំណត់	f	2025-09-15 17:20:35.121284	2025-09-15 17:20:35.121284
544	141	$$e$$	f	2025-09-15 17:20:35.121284	2025-09-15 17:20:35.121284
545	141	$$0$$	f	2025-09-15 17:20:35.121284	2025-09-15 17:20:35.121284
546	141	$$1$$	t	2025-09-15 17:20:35.121284	2025-09-15 17:20:35.121284
547	142	មិនកំណត់	f	2025-09-15 17:20:35.121284	2025-09-15 17:20:35.121284
548	142	$$0$$	f	2025-09-15 17:20:35.121284	2025-09-15 17:20:35.121284
549	142	$$1$$	f	2025-09-15 17:20:35.121284	2025-09-15 17:20:35.121284
550	142	$$\\dfrac{1}{2}$$	t	2025-09-15 17:20:35.121284	2025-09-15 17:20:35.121284
551	143	មិនកំណត់	f	2025-09-15 17:20:35.121284	2025-09-15 17:20:35.121284
552	143	$$\\infty$$	f	2025-09-15 17:20:35.121284	2025-09-15 17:20:35.121284
553	143	$$0$$	f	2025-09-15 17:20:35.121284	2025-09-15 17:20:35.121284
554	143	$$1$$	t	2025-09-15 17:20:35.121284	2025-09-15 17:20:35.121284
555	144	មិនកំណត់	f	2025-09-15 17:20:35.121284	2025-09-15 17:20:35.121284
556	144	$$\\infty$$	f	2025-09-15 17:20:35.121284	2025-09-15 17:20:35.121284
557	144	$$1$$	f	2025-09-15 17:20:35.121284	2025-09-15 17:20:35.121284
558	144	$$0$$	t	2025-09-15 17:20:35.121284	2025-09-15 17:20:35.121284
559	145	មិនកំណត់	f	2025-09-15 17:20:35.121284	2025-09-15 17:20:35.121284
560	145	$$e$$	f	2025-09-15 17:20:35.121284	2025-09-15 17:20:35.121284
561	145	$$1$$	f	2025-09-15 17:20:35.121284	2025-09-15 17:20:35.121284
562	145	$$2$$	t	2025-09-15 17:20:35.121284	2025-09-15 17:20:35.121284
563	146	មិនកំណត់	f	2025-09-15 17:20:35.121284	2025-09-15 17:20:35.121284
564	146	$$0$$	f	2025-09-15 17:20:35.121284	2025-09-15 17:20:35.121284
565	146	$$e$$	f	2025-09-15 17:20:35.121284	2025-09-15 17:20:35.121284
566	146	$$1$$	t	2025-09-15 17:20:35.121284	2025-09-15 17:20:35.121284
567	147	មិនកំណត់	f	2025-09-15 17:20:35.121284	2025-09-15 17:20:35.121284
568	147	$$ab$$	f	2025-09-15 17:20:35.121284	2025-09-15 17:20:35.121284
569	147	$(a-b)\\cos 0$	f	2025-09-15 17:20:35.121284	2025-09-15 17:20:35.121284
570	147	$$a-b$$	t	2025-09-15 17:20:35.121284	2025-09-15 17:20:35.121284
571	148	មិនកំណត់	f	2025-09-15 17:20:35.121284	2025-09-15 17:20:35.121284
572	148	$$\\dfrac{1}{2}$$	f	2025-09-15 17:20:35.121284	2025-09-15 17:20:35.121284
573	148	$$1$$	f	2025-09-15 17:20:35.121284	2025-09-15 17:20:35.121284
574	148	$$2$$	t	2025-09-15 17:20:35.121284	2025-09-15 17:20:35.121284
575	149	មិនកំណត់	f	2025-09-15 17:20:35.121284	2025-09-15 17:20:35.121284
576	149	$$0$$	f	2025-09-15 17:20:35.121284	2025-09-15 17:20:35.121284
577	149	$$\\dfrac{1}{36}$$	f	2025-09-15 17:20:35.121284	2025-09-15 17:20:35.121284
578	149	$$\\dfrac{1}{120}$$	t	2025-09-15 17:20:35.121284	2025-09-15 17:20:35.121284
579	150	មិនកំណត់	f	2025-09-15 17:20:35.121284	2025-09-15 17:20:35.121284
580	150	$$0$$	f	2025-09-15 17:20:35.121284	2025-09-15 17:20:35.121284
581	150	$$1$$	f	2025-09-15 17:20:35.121284	2025-09-15 17:20:35.121284
582	150	$$2$$	t	2025-09-15 17:20:35.121284	2025-09-15 17:20:35.121284
583	151	មិនកំណត់	f	2025-09-15 17:20:35.121284	2025-09-15 17:20:35.121284
584	151	$$\\infty$$	f	2025-09-15 17:20:35.121284	2025-09-15 17:20:35.121284
585	151	$$0$$	f	2025-09-15 17:20:35.121284	2025-09-15 17:20:35.121284
586	151	$$1$$	t	2025-09-15 17:20:35.121284	2025-09-15 17:20:35.121284
587	152	មិនកំណត់	f	2025-09-15 17:20:35.121284	2025-09-15 17:20:35.121284
588	152	$$0$$	f	2025-09-15 17:20:35.121284	2025-09-15 17:20:35.121284
589	152	$$\\dfrac{1}{3}$$	f	2025-09-15 17:20:35.121284	2025-09-15 17:20:35.121284
590	152	$$\\dfrac{1}{2}$$	t	2025-09-15 17:20:35.121284	2025-09-15 17:20:35.121284
591	153	មិនកំណត់	f	2025-09-15 17:20:35.121284	2025-09-15 17:20:35.121284
592	153	$$0$$	f	2025-09-15 17:20:35.121284	2025-09-15 17:20:35.121284
593	153	$$1$$	f	2025-09-15 17:20:35.121284	2025-09-15 17:20:35.121284
594	153	$$a$$	t	2025-09-15 17:20:35.121284	2025-09-15 17:20:35.121284
595	154	មិនកំណត់	f	2025-09-15 17:20:35.121284	2025-09-15 17:20:35.121284
596	154	$$0$$	f	2025-09-15 17:20:35.121284	2025-09-15 17:20:35.121284
597	154	$$1$$	f	2025-09-15 17:20:35.121284	2025-09-15 17:20:35.121284
598	154	$$\\dfrac{1}{2}$$	t	2025-09-15 17:20:35.121284	2025-09-15 17:20:35.121284
599	155	មិនកំណត់	f	2025-09-15 17:20:35.121284	2025-09-15 17:20:35.121284
600	155	$$2$$	f	2025-09-15 17:20:35.121284	2025-09-15 17:20:35.121284
601	155	$$0$$	f	2025-09-15 17:20:35.121284	2025-09-15 17:20:35.121284
602	155	$$1$$	t	2025-09-15 17:20:35.121284	2025-09-15 17:20:35.121284
603	156	$$\\infty$$	f	2025-09-15 17:20:35.121284	2025-09-15 17:20:35.121284
604	156	មិនកំណត់	f	2025-09-15 17:20:35.121284	2025-09-15 17:20:35.121284
605	156	$$0$$	f	2025-09-15 17:20:35.121284	2025-09-15 17:20:35.121284
606	156	$$1$$	t	2025-09-15 17:20:35.121284	2025-09-15 17:20:35.121284
607	157	មិនកំណត់	f	2025-09-15 17:20:35.121284	2025-09-15 17:20:35.121284
608	157	$$1$$	f	2025-09-15 17:20:35.121284	2025-09-15 17:20:35.121284
609	157	$$\\dfrac{1}{3}$$	f	2025-09-15 17:20:35.121284	2025-09-15 17:20:35.121284
610	157	$$\\dfrac{1}{6}$$	t	2025-09-15 17:20:35.121284	2025-09-15 17:20:35.121284
611	158	មិនកំណត់	f	2025-09-15 17:20:35.121284	2025-09-15 17:20:35.121284
612	158	$$3$$	f	2025-09-15 17:20:35.121284	2025-09-15 17:20:35.121284
613	158	$$\\dfrac{5}{2}$$	f	2025-09-15 17:20:35.121284	2025-09-15 17:20:35.121284
614	158	$$2$$	t	2025-09-15 17:20:35.121284	2025-09-15 17:20:35.121284
615	159	មិនកំណត់	f	2025-09-15 17:20:35.121284	2025-09-15 17:20:35.121284
616	159	ទៅ $$\\\\infty$$	f	2025-09-15 17:20:35.121284	2025-09-15 17:20:35.121284
617	159	$$a-c$$	f	2025-09-15 17:20:35.121284	2025-09-15 17:20:35.121284
618	159	$$\\dfrac{a-c}{2}$$	t	2025-09-15 17:20:35.121284	2025-09-15 17:20:35.121284
619	160	មិនកំណត់	f	2025-09-15 17:20:35.121284	2025-09-15 17:20:35.121284
620	160	$$2$$	f	2025-09-15 17:20:35.121284	2025-09-15 17:20:35.121284
621	160	$$\\dfrac{3}{2}$$	f	2025-09-15 17:20:35.121284	2025-09-15 17:20:35.121284
622	160	$$1$$	t	2025-09-15 17:20:35.121284	2025-09-15 17:20:35.121284
623	161	ទៅ $$\\\\infty$$	f	2025-09-15 17:20:35.121284	2025-09-15 17:20:35.121284
624	161	$$0$$	f	2025-09-15 17:20:35.121284	2025-09-15 17:20:35.121284
625	161	$$b$$	f	2025-09-15 17:20:35.121284	2025-09-15 17:20:35.121284
626	161	$$\\dfrac{b}{2}$$	t	2025-09-15 17:20:35.121284	2025-09-15 17:20:35.121284
627	162	មិនកំណត់	f	2025-09-15 17:20:35.121284	2025-09-15 17:20:35.121284
628	162	$$1$$	f	2025-09-15 17:20:35.121284	2025-09-15 17:20:35.121284
629	162	$$\\dfrac{1}{2}$$	f	2025-09-15 17:20:35.121284	2025-09-15 17:20:35.121284
630	162	$$\\dfrac{3}{4}$$	t	2025-09-15 17:20:35.121284	2025-09-15 17:20:35.121284
631	163	ពឹងផ្អែកលើ $x$	f	2025-09-15 17:20:35.121284	2025-09-15 17:20:35.121284
632	163	មិនកំណត់	f	2025-09-15 17:20:35.121284	2025-09-15 17:20:35.121284
633	163	មិនពិត	f	2025-09-15 17:20:35.121284	2025-09-15 17:20:35.121284
634	163	ពិត	t	2025-09-15 17:20:35.121284	2025-09-15 17:20:35.121284
635	164	មិនកំណត់	f	2025-09-15 17:20:35.121284	2025-09-15 17:20:35.121284
636	164	$$0$$	f	2025-09-15 17:20:35.121284	2025-09-15 17:20:35.121284
637	164	$$\\dfrac{3}{2}$$	f	2025-09-15 17:20:35.121284	2025-09-15 17:20:35.121284
638	164	$$3$$	t	2025-09-15 17:20:35.121284	2025-09-15 17:20:35.121284
639	165	ទៅ $$\\\\infty$$	f	2025-09-15 17:20:35.121284	2025-09-15 17:20:35.121284
640	165	$$0$$	f	2025-09-15 17:20:35.121284	2025-09-15 17:20:35.121284
641	165	$$1$$	f	2025-09-15 17:20:35.121284	2025-09-15 17:20:35.121284
642	165	$$\\dfrac{3}{2}$$	t	2025-09-15 17:20:35.121284	2025-09-15 17:20:35.121284
643	166	មិនកំណត់	f	2025-09-15 17:20:35.121284	2025-09-15 17:20:35.121284
644	166	ទៅ $$\\\\infty$$	f	2025-09-15 17:20:35.121284	2025-09-15 17:20:35.121284
645	166	$$0$$	f	2025-09-15 17:20:35.121284	2025-09-15 17:20:35.121284
646	166	$$2$$	t	2025-09-15 17:20:35.121284	2025-09-15 17:20:35.121284
647	167	មិនកំណត់	f	2025-09-15 17:20:35.121284	2025-09-15 17:20:35.121284
648	167	$$1$$	f	2025-09-15 17:20:35.121284	2025-09-15 17:20:35.121284
649	167	$$\\dfrac{1}{2}$$	f	2025-09-15 17:20:35.121284	2025-09-15 17:20:35.121284
650	167	$$\\dfrac{1}{4}$$	t	2025-09-15 17:20:35.121284	2025-09-15 17:20:35.121284
651	168	មិនកំណត់	f	2025-09-15 17:20:35.121284	2025-09-15 17:20:35.121284
652	168	$$0$$	f	2025-09-15 17:20:35.121284	2025-09-15 17:20:35.121284
653	168	$$1$$	f	2025-09-15 17:20:35.121284	2025-09-15 17:20:35.121284
654	168	$$-1$$	t	2025-09-15 17:20:35.121284	2025-09-15 17:20:35.121284
655	169	ទៅ $$\\infty$$	f	2025-09-15 17:20:35.121284	2025-09-15 17:20:35.121284
656	169	$$0$$	f	2025-09-15 17:20:35.121284	2025-09-15 17:20:35.121284
657	169	$$1$$	f	2025-09-15 17:20:35.121284	2025-09-15 17:20:35.121284
658	169	$$\\dfrac{1}{2}$$	t	2025-09-15 17:20:35.121284	2025-09-15 17:20:35.121284
659	170	មិនកំណត់	f	2025-09-15 17:20:35.121284	2025-09-15 17:20:35.121284
660	170	$$0$$	f	2025-09-15 17:20:35.121284	2025-09-15 17:20:35.121284
661	170	$$1$$	f	2025-09-15 17:20:35.121284	2025-09-15 17:20:35.121284
662	170	$$\\infty$$	t	2025-09-15 17:20:35.121284	2025-09-15 17:20:35.121284
663	171	មិនកំណត់	f	2025-09-15 17:20:35.121284	2025-09-15 17:20:35.121284
664	171	$$0$$	f	2025-09-15 17:20:35.121284	2025-09-15 17:20:35.121284
665	171	$$1$$	f	2025-09-15 17:20:35.121284	2025-09-15 17:20:35.121284
666	171	$$2$$	t	2025-09-15 17:20:35.121284	2025-09-15 17:20:35.121284
667	172	ទៅ $$\\infty$$	f	2025-09-15 17:20:35.121284	2025-09-15 17:20:35.121284
668	172	$$1$$	f	2025-09-15 17:20:35.121284	2025-09-15 17:20:35.121284
669	172	មិនកំណត់	f	2025-09-15 17:20:35.121284	2025-09-15 17:20:35.121284
670	172	$$0$$	t	2025-09-15 17:20:35.121284	2025-09-15 17:20:35.121284
671	173	មិនកំណត់	f	2025-09-15 17:20:35.121284	2025-09-15 17:20:35.121284
672	173	$$0$$	f	2025-09-15 17:20:35.121284	2025-09-15 17:20:35.121284
673	173	$$1$$	f	2025-09-15 17:20:35.121284	2025-09-15 17:20:35.121284
674	173	$$\\dfrac{7}{2}$$	t	2025-09-15 17:20:35.121284	2025-09-15 17:20:35.121284
675	174	ទៅ $$\\infty$$	f	2025-09-15 17:20:35.121284	2025-09-15 17:20:35.121284
676	174	$$0$$	f	2025-09-15 17:20:35.121284	2025-09-15 17:20:35.121284
677	174	$$1$$	f	2025-09-15 17:20:35.121284	2025-09-15 17:20:35.121284
678	174	$$\\dfrac{5}{2}$$	t	2025-09-15 17:20:35.121284	2025-09-15 17:20:35.121284
679	175	មិនកំណត់	f	2025-09-15 17:20:35.121284	2025-09-15 17:20:35.121284
680	175	$$0$$	f	2025-09-15 17:20:35.121284	2025-09-15 17:20:35.121284
681	175	$$1$$	f	2025-09-15 17:20:35.121284	2025-09-15 17:20:35.121284
682	175	$$2$$	t	2025-09-15 17:20:35.121284	2025-09-15 17:20:35.121284
683	176	មិនកំណត់	f	2025-09-15 17:20:35.121284	2025-09-15 17:20:35.121284
684	176	$$\\infty$$	f	2025-09-15 17:20:35.121284	2025-09-15 17:20:35.121284
685	176	$$0$$	f	2025-09-15 17:20:35.121284	2025-09-15 17:20:35.121284
686	176	$$3$$	t	2025-09-15 17:20:35.121284	2025-09-15 17:20:35.121284
687	177	មិនកំណត់	f	2025-09-15 17:20:35.121284	2025-09-15 17:20:35.121284
688	177	$$3$$	f	2025-09-15 17:20:35.121284	2025-09-15 17:20:35.121284
689	177	$$2$$	f	2025-09-15 17:20:35.121284	2025-09-15 17:20:35.121284
690	177	$$\\dfrac{5}{2}$$	t	2025-09-15 17:20:35.121284	2025-09-15 17:20:35.121284
691	178	មិនកំណត់	f	2025-09-15 17:20:35.121284	2025-09-15 17:20:35.121284
692	178	$$0$$	f	2025-09-15 17:20:35.121284	2025-09-15 17:20:35.121284
693	178	$$\\dfrac{1}{3}$$	f	2025-09-15 17:20:35.121284	2025-09-15 17:20:35.121284
694	178	$$\\dfrac{1}{2}$$	t	2025-09-15 17:20:35.121284	2025-09-15 17:20:35.121284
695	179	មិនកំណត់	f	2025-09-15 17:20:35.121284	2025-09-15 17:20:35.121284
696	179	$$e$$	f	2025-09-15 17:20:35.121284	2025-09-15 17:20:35.121284
697	179	$$1$$	f	2025-09-15 17:20:35.121284	2025-09-15 17:20:35.121284
698	179	$$2$$	t	2025-09-15 17:20:35.121284	2025-09-15 17:20:35.121284
699	180	មិនកំណត់	f	2025-09-15 17:20:35.121284	2025-09-15 17:20:35.121284
700	180	$$e$$	f	2025-09-15 17:20:35.121284	2025-09-15 17:20:35.121284
701	180	$$0$$	f	2025-09-15 17:20:35.121284	2025-09-15 17:20:35.121284
702	180	$$1$$	t	2025-09-15 17:20:35.121284	2025-09-15 17:20:35.121284
703	181	មិនកំណត់	f	2025-09-15 17:20:35.121284	2025-09-15 17:20:35.121284
704	181	$$0$$	f	2025-09-15 17:20:35.121284	2025-09-15 17:20:35.121284
705	181	$$\\dfrac{1}{3}$$	f	2025-09-15 17:20:35.121284	2025-09-15 17:20:35.121284
706	181	$$\\dfrac{1}{2}$$	t	2025-09-15 17:20:35.121284	2025-09-15 17:20:35.121284
707	182	មិនកំណត់	f	2025-09-15 17:20:35.121284	2025-09-15 17:20:35.121284
708	182	$$0$$	f	2025-09-15 17:20:35.121284	2025-09-15 17:20:35.121284
709	182	$$1$$	f	2025-09-15 17:20:35.121284	2025-09-15 17:20:35.121284
710	182	$$3$$	t	2025-09-15 17:20:35.121284	2025-09-15 17:20:35.121284
711	183	មិនមានលីមីត	f	2025-09-15 17:20:35.121284	2025-09-15 17:20:35.121284
712	183	$$0$$	f	2025-09-15 17:20:35.121284	2025-09-15 17:20:35.121284
713	183	$$1$$	f	2025-09-15 17:20:35.121284	2025-09-15 17:20:35.121284
714	183	$$\\dfrac{1}{2}$$	t	2025-09-15 17:20:35.121284	2025-09-15 17:20:35.121284
715	184	មិនកំណត់	f	2025-09-15 17:20:35.121284	2025-09-15 17:20:35.121284
716	184	$$2$$	f	2025-09-15 17:20:35.121284	2025-09-15 17:20:35.121284
717	184	$$1$$	f	2025-09-15 17:20:35.121284	2025-09-15 17:20:35.121284
718	184	$$\\dfrac{1}{2}$$	t	2025-09-15 17:20:35.121284	2025-09-15 17:20:35.121284
719	185	$$0$$	f	2025-09-15 17:20:35.121284	2025-09-15 17:20:35.121284
720	185	មិនមានលីមីត	f	2025-09-15 17:20:35.121284	2025-09-15 17:20:35.121284
721	185	$$1$$	f	2025-09-15 17:20:35.121284	2025-09-15 17:20:35.121284
722	185	$$2$$	t	2025-09-15 17:20:35.121284	2025-09-15 17:20:35.121284
723	186	មិនកំណត់	f	2025-09-15 17:20:35.121284	2025-09-15 17:20:35.121284
724	186	$$0$$	f	2025-09-15 17:20:35.121284	2025-09-15 17:20:35.121284
725	186	$$2$$	f	2025-09-15 17:20:35.121284	2025-09-15 17:20:35.121284
726	186	$$4$$	t	2025-09-15 17:20:35.121284	2025-09-15 17:20:35.121284
727	187	ទៅ $$\\infty$$	f	2025-09-15 17:20:35.121284	2025-09-15 17:20:35.121284
728	187	$$0$$	f	2025-09-15 17:20:35.121284	2025-09-15 17:20:35.121284
729	187	$$1$$	f	2025-09-15 17:20:35.121284	2025-09-15 17:20:35.121284
730	187	$$\\dfrac{3}{2}$$	t	2025-09-15 17:20:35.121284	2025-09-15 17:20:35.121284
731	188	មិនមានលីមីត	f	2025-09-15 17:20:35.121284	2025-09-15 17:20:35.121284
732	188	$$0$$	f	2025-09-15 17:20:35.121284	2025-09-15 17:20:35.121284
733	188	$$1$$	f	2025-09-15 17:20:35.121284	2025-09-15 17:20:35.121284
734	188	$$2$$	t	2025-09-15 17:20:35.121284	2025-09-15 17:20:35.121284
735	189	មិនកំណត់	f	2025-09-15 17:20:35.121284	2025-09-15 17:20:35.121284
736	189	$$e$$	f	2025-09-15 17:20:35.121284	2025-09-15 17:20:35.121284
737	189	$$0$$	f	2025-09-15 17:20:35.121284	2025-09-15 17:20:35.121284
738	189	$$1$$	t	2025-09-15 17:20:35.121284	2025-09-15 17:20:35.121284
739	190	មិនកំណត់	f	2025-09-15 17:20:35.121284	2025-09-15 17:20:35.121284
740	190	$$\\dfrac{1}{2}$$	f	2025-09-15 17:20:35.121284	2025-09-15 17:20:35.121284
741	190	$$0$$	f	2025-09-15 17:20:35.121284	2025-09-15 17:20:35.121284
742	190	$$\\dfrac{1}{3}$$	t	2025-09-15 17:20:35.121284	2025-09-15 17:20:35.121284
743	191	មិនមានលីមីត	f	2025-09-15 17:20:35.121284	2025-09-15 17:20:35.121284
744	191	$$2$$	f	2025-09-15 17:20:35.121284	2025-09-15 17:20:35.121284
745	191	$$1$$	f	2025-09-15 17:20:35.121284	2025-09-15 17:20:35.121284
746	191	$$\\dfrac{3}{2}$$	t	2025-09-15 17:20:35.121284	2025-09-15 17:20:35.121284
747	192	មិនកំណត់	f	2025-09-15 17:20:35.121284	2025-09-15 17:20:35.121284
748	192	$$0$$	f	2025-09-15 17:20:35.121284	2025-09-15 17:20:35.121284
749	192	$$1$$	f	2025-09-15 17:20:35.121284	2025-09-15 17:20:35.121284
750	192	$$\\dfrac{1}{2}$$	t	2025-09-15 17:20:35.121284	2025-09-15 17:20:35.121284
751	193	មិនកំណត់	f	2025-09-15 17:20:35.121284	2025-09-15 17:20:35.121284
752	193	$$\\infty$$	f	2025-09-15 17:20:35.121284	2025-09-15 17:20:35.121284
753	193	$$0$$	f	2025-09-15 17:20:35.121284	2025-09-15 17:20:35.121284
754	193	$$2$$	t	2025-09-15 17:20:35.121284	2025-09-15 17:20:35.121284
755	194	មិនមានលីមីត	f	2025-09-15 17:20:35.121284	2025-09-15 17:20:35.121284
756	194	$$\\displaystyle 1$$	f	2025-09-15 17:20:35.121284	2025-09-15 17:20:35.121284
757	194	$$\\displaystyle 3$$	f	2025-09-15 17:20:35.121284	2025-09-15 17:20:35.121284
758	194	$$\\displaystyle 4$$	t	2025-09-15 17:20:35.121284	2025-09-15 17:20:35.121284
759	195	ស្មើ $$0$$	f	2025-09-15 17:20:35.121284	2025-09-15 17:20:35.121284
760	195	មិនមានលីមីត	f	2025-09-15 17:20:35.121284	2025-09-15 17:20:35.121284
761	195	ស្មើ $$1$$	f	2025-09-15 17:20:35.121284	2025-09-15 17:20:35.121284
762	195	ស្មើ $$2$$	t	2025-09-15 17:20:35.121284	2025-09-15 17:20:35.121284
763	196	$$0$$	f	2025-09-15 17:20:35.121284	2025-09-15 17:20:35.121284
764	196	មិនកំណត់	f	2025-09-15 17:20:35.121284	2025-09-15 17:20:35.121284
765	196	$$2$$	f	2025-09-15 17:20:35.121284	2025-09-15 17:20:35.121284
766	196	$$4$$	t	2025-09-15 17:20:35.121284	2025-09-15 17:20:35.121284
767	197	មិនមានលីមីត	f	2025-09-15 17:20:35.121284	2025-09-15 17:20:35.121284
768	197	លីមីតទៅ $$+\\infty$$	f	2025-09-15 17:20:35.121284	2025-09-15 17:20:35.121284
769	197	លីមីតទៅ $$-\\infty$$	f	2025-09-15 17:20:35.121284	2025-09-15 17:20:35.121284
770	197	លីមីតស្មើ $$0$$	t	2025-09-15 17:20:35.121284	2025-09-15 17:20:35.121284
771	198	មិនកំណត់	f	2025-09-15 17:20:35.121284	2025-09-15 17:20:35.121284
772	198	ស្មើ $$\\dfrac{1}{3}$$	f	2025-09-15 17:20:35.121284	2025-09-15 17:20:35.121284
773	198	ស្មើ $$3$$	f	2025-09-15 17:20:35.121284	2025-09-15 17:20:35.121284
774	198	ស្មើ $$\\dfrac{3}{2}$$	t	2025-09-15 17:20:35.121284	2025-09-15 17:20:35.121284
775	199	ស្មើ $$\\infty$$	f	2025-09-15 17:20:35.121284	2025-09-15 17:20:35.121284
776	199	មិនមានលីមីត	f	2025-09-15 17:20:35.121284	2025-09-15 17:20:35.121284
777	199	ស្មើ $$0$$	f	2025-09-15 17:20:35.121284	2025-09-15 17:20:35.121284
778	199	ស្មើ $$1$$	t	2025-09-15 17:20:35.121284	2025-09-15 17:20:35.121284
779	200	មានលីមីត និងស្មើ $$-1$$	f	2025-09-15 17:20:35.121284	2025-09-15 17:20:35.121284
780	200	មានលីមីត និងស្មើ $$1$$	f	2025-09-15 17:20:35.121284	2025-09-15 17:20:35.121284
781	200	មានលីមីត និងស្មើ $$0$$	f	2025-09-15 17:20:35.121284	2025-09-15 17:20:35.121284
782	200	មិនមានលីមីត	t	2025-09-15 17:20:35.121284	2025-09-15 17:20:35.121284
783	201	$$1$$	f	2025-09-15 17:20:35.121284	2025-09-15 17:20:35.121284
784	201	មិនមានលីមីត (ខាងស្តាំមិនដូចខាងឆ្វេង)	f	2025-09-15 17:20:35.121284	2025-09-15 17:20:35.121284
785	201	ពីខាងស្តាំ $$0$$, ពីខាងឆ្វេង $$0$$ (លីមីតមាន)	f	2025-09-15 17:20:35.121284	2025-09-15 17:20:35.121284
786	201	$$0$$	t	2025-09-15 17:20:35.121284	2025-09-15 17:20:35.121284
787	202	$$\\displaystyle 3$$	f	2025-09-15 17:20:35.121284	2025-09-15 17:20:35.121284
788	202	មិនមានលីមីត	f	2025-09-15 17:20:35.121284	2025-09-15 17:20:35.121284
789	202	$$\\displaystyle 0$$	f	2025-09-15 17:20:35.121284	2025-09-15 17:20:35.121284
790	202	$$\\displaystyle 6$$	t	2025-09-15 17:20:35.121284	2025-09-15 17:20:35.121284
791	203	មិនកំណត់	f	2025-09-15 17:20:35.121284	2025-09-15 17:20:35.121284
792	203	$$\\displaystyle 2$$	f	2025-09-15 17:20:35.121284	2025-09-15 17:20:35.121284
793	203	$$\\displaystyle 0$$	f	2025-09-15 17:20:35.121284	2025-09-15 17:20:35.121284
794	203	$$\\displaystyle -2$$	t	2025-09-15 17:20:35.121284	2025-09-15 17:20:35.121284
795	204	មិនមាន	f	2025-09-15 17:20:35.121284	2025-09-15 17:20:35.121284
796	204	$$\\displaystyle \\sqrt{5}$$	f	2025-09-15 17:20:35.121284	2025-09-15 17:20:35.121284
797	204	$$\\displaystyle 4$$	f	2025-09-15 17:20:35.121284	2025-09-15 17:20:35.121284
798	204	$$\\displaystyle 2$$	t	2025-09-15 17:20:35.121284	2025-09-15 17:20:35.121284
799	205	មិនកំណត់	f	2025-09-15 17:20:35.121284	2025-09-15 17:20:35.121284
800	205	$$\\displaystyle 6$$	f	2025-09-15 17:20:35.121284	2025-09-15 17:20:35.121284
801	205	$$\\displaystyle -1$$	f	2025-09-15 17:20:35.121284	2025-09-15 17:20:35.121284
802	205	$$\\displaystyle 1$$	t	2025-09-15 17:20:35.121284	2025-09-15 17:20:35.121284
803	206	$$\\displaystyle 2$$	f	2025-09-15 17:20:35.121284	2025-09-15 17:20:35.121284
804	206	មិនមានលីមីត	f	2025-09-15 17:20:35.121284	2025-09-15 17:20:35.121284
805	206	$$\\displaystyle 1$$	f	2025-09-15 17:20:35.121284	2025-09-15 17:20:35.121284
806	206	$$\\displaystyle 0$$	t	2025-09-15 17:20:35.121284	2025-09-15 17:20:35.121284
807	207	$$\\sqrt{2}(\\cos\\tfrac{5\\pi}{4} + i\\sin\\tfrac{5\\pi}{4})$$	t	2025-09-15 17:20:47.176487	2025-09-15 17:20:47.176487
808	208	$$x = 2 \\pm 5i$$	f	2025-09-15 17:20:47.176487	2025-09-15 17:20:47.176487
809	208	$$x = -2 \\pm 5i$$	f	2025-09-15 17:20:47.176487	2025-09-15 17:20:47.176487
810	208	$$x = 5 \\pm 2i$$	f	2025-09-15 17:20:47.176487	2025-09-15 17:20:47.176487
811	208	$$x = -5 \\pm 2i$$	t	2025-09-15 17:20:47.176487	2025-09-15 17:20:47.176487
812	209	$$144$$	f	2025-09-15 17:20:47.176487	2025-09-15 17:20:47.176487
813	209	$$25$$	f	2025-09-15 17:20:47.176487	2025-09-15 17:20:47.176487
814	209	$$17$$	f	2025-09-15 17:20:47.176487	2025-09-15 17:20:47.176487
815	209	$$13$$	t	2025-09-15 17:20:47.176487	2025-09-15 17:20:47.176487
816	210	$$1-i$$	f	2025-09-15 17:20:47.176487	2025-09-15 17:20:47.176487
817	210	$$1+i$$	f	2025-09-15 17:20:47.176487	2025-09-15 17:20:47.176487
818	210	$$-i$$	f	2025-09-15 17:20:47.176487	2025-09-15 17:20:47.176487
819	210	$$i$$	t	2025-09-15 17:20:47.176487	2025-09-15 17:20:47.176487
820	211	$$-6 - 8i$$	f	2025-09-15 17:20:47.176487	2025-09-15 17:20:47.176487
821	211	$$2 - 8i$$	f	2025-09-15 17:20:47.176487	2025-09-15 17:20:47.176487
822	211	$$-6 + 8i$$	f	2025-09-15 17:20:47.176487	2025-09-15 17:20:47.176487
823	211	$$2 + 2i$$	t	2025-09-15 17:20:47.176487	2025-09-15 17:20:47.176487
824	212	$$\\tfrac{2\\pi}{3}$$	f	2025-09-15 17:20:47.176487	2025-09-15 17:20:47.176487
825	212	$$\\tfrac{\\pi}{2}$$	f	2025-09-15 17:20:47.176487	2025-09-15 17:20:47.176487
826	212	$$\\tfrac{\\pi}{6}$$	f	2025-09-15 17:20:47.176487	2025-09-15 17:20:47.176487
827	212	$$\\tfrac{\\pi}{3}$$	t	2025-09-15 17:20:47.176487	2025-09-15 17:20:47.176487
828	213	$$\\sqrt{2}(\\cos\\tfrac{\\pi}{6} + i\\sin\\tfrac{\\pi}{6})$$	f	2025-09-15 17:20:47.176487	2025-09-15 17:20:47.176487
829	213	$$\\sqrt{2}(\\cos\\tfrac{5\\pi}{6} + i\\sin\\tfrac{5\\pi}{6})$$	f	2025-09-15 17:20:47.176487	2025-09-15 17:20:47.176487
830	213	$$2(\\cos\\tfrac{\\pi}{6} + i\\sin\\tfrac{\\pi}{6})$$	f	2025-09-15 17:20:47.176487	2025-09-15 17:20:47.176487
831	213	$$2(\\cos\\tfrac{5\\pi}{6} + i\\sin\\tfrac{5\\pi}{6})$$	t	2025-09-15 17:20:47.176487	2025-09-15 17:20:47.176487
832	214	$$x = 3 \\pm i$$	f	2025-09-15 17:20:47.176487	2025-09-15 17:20:47.176487
833	214	$$x = -3 \\pm i$$	f	2025-09-15 17:20:47.176487	2025-09-15 17:20:47.176487
834	214	$$x = 1 \\pm 3i$$	f	2025-09-15 17:20:47.176487	2025-09-15 17:20:47.176487
835	214	$$x = -1 \\pm 3i$$	t	2025-09-15 17:20:47.176487	2025-09-15 17:20:47.176487
836	215	$$420$$	f	2025-09-15 17:20:47.176487	2025-09-15 17:20:47.176487
837	215	$$1369$$	f	2025-09-15 17:20:47.176487	2025-09-15 17:20:47.176487
838	215	$$47$$	f	2025-09-15 17:20:47.176487	2025-09-15 17:20:47.176487
839	215	$$37$$	t	2025-09-15 17:20:47.176487	2025-09-15 17:20:47.176487
840	216	$$-2 + 5i$$	f	2025-09-15 17:20:47.176487	2025-09-15 17:20:47.176487
841	216	$$10 + 5i$$	f	2025-09-15 17:20:47.176487	2025-09-15 17:20:47.176487
842	216	$$-2 - 5i$$	f	2025-09-15 17:20:47.176487	2025-09-15 17:20:47.176487
843	216	$$10 - 5i$$	t	2025-09-15 17:20:47.176487	2025-09-15 17:20:47.176487
844	217	$$8 + 15i$$	f	2025-09-15 17:20:47.176487	2025-09-15 17:20:47.176487
845	217	$$-15 - 8i$$	f	2025-09-15 17:20:47.176487	2025-09-15 17:20:47.176487
846	217	$$-15 + 8i$$	f	2025-09-15 17:20:47.176487	2025-09-15 17:20:47.176487
847	217	$$15 - 8i$$	t	2025-09-15 17:20:47.176487	2025-09-15 17:20:47.176487
848	218	$$2(\\cos\\frac{2\\pi}{3} + i\\sin\\frac{2\\pi}{3})$$	f	2025-09-15 17:20:47.176487	2025-09-15 17:20:47.176487
849	218	$$2(\\cos\\frac{5\\pi}{3} + i\\sin\\frac{5\\pi}{3})$$	f	2025-09-15 17:20:47.176487	2025-09-15 17:20:47.176487
850	218	$$4(\\cos\\frac{2\\pi}{3} + i\\sin\\frac{2\\pi}{3})$$	f	2025-09-15 17:20:47.176487	2025-09-15 17:20:47.176487
851	218	$$4(\\cos\\frac{5\\pi}{3} + i\\sin\\frac{5\\pi}{3})$$	t	2025-09-15 17:20:47.176487	2025-09-15 17:20:47.176487
852	219	$$x = 4 \\pm 2i$$	f	2025-09-15 17:20:47.176487	2025-09-15 17:20:47.176487
853	219	$$x = -4 \\pm 2i$$	f	2025-09-15 17:20:47.176487	2025-09-15 17:20:47.176487
854	219	$$x = 4 \\pm i$$	f	2025-09-15 17:20:47.176487	2025-09-15 17:20:47.176487
855	219	$$x = -4 \\pm i$$	t	2025-09-15 17:20:47.176487	2025-09-15 17:20:47.176487
856	220	$$360$$	f	2025-09-15 17:20:47.176487	2025-09-15 17:20:47.176487
857	220	$$1681$$	f	2025-09-15 17:20:47.176487	2025-09-15 17:20:47.176487
858	220	$$49$$	f	2025-09-15 17:20:47.176487	2025-09-15 17:20:47.176487
859	220	$$41$$	t	2025-09-15 17:20:47.176487	2025-09-15 17:20:47.176487
860	221	$$-2 + 8i$$	f	2025-09-15 17:20:47.176487	2025-09-15 17:20:47.176487
861	221	$$14 + 8i$$	f	2025-09-15 17:20:47.176487	2025-09-15 17:20:47.176487
862	221	$$-2 - 8i$$	f	2025-09-15 17:20:47.176487	2025-09-15 17:20:47.176487
863	221	$$14 - 8i$$	t	2025-09-15 17:20:47.176487	2025-09-15 17:20:47.176487
864	222	$$24 + 7i$$	f	2025-09-15 17:20:47.176487	2025-09-15 17:20:47.176487
865	222	$$-7 - 24i$$	f	2025-09-15 17:20:47.176487	2025-09-15 17:20:47.176487
866	222	$$-7 + 24i$$	f	2025-09-15 17:20:47.176487	2025-09-15 17:20:47.176487
867	222	$$7 - 24i$$	t	2025-09-15 17:20:47.176487	2025-09-15 17:20:47.176487
868	223	$$2(\\cos\\frac{\\pi}{4} + i\\sin\\frac{\\pi}{4})$$	f	2025-09-15 17:20:47.176487	2025-09-15 17:20:47.176487
869	223	$$2(\\cos\\frac{3\\pi}{4} + i\\sin\\frac{3\\pi}{4})$$	f	2025-09-15 17:20:47.176487	2025-09-15 17:20:47.176487
870	223	$$\\sqrt{2}(\\cos\\frac{\\pi}{4} + i\\sin\\frac{\\pi}{4})$$	f	2025-09-15 17:20:47.176487	2025-09-15 17:20:47.176487
871	223	$$\\sqrt{2}(\\cos\\frac{3\\pi}{4} + i\\sin\\frac{3\\pi}{4})$$	t	2025-09-15 17:20:47.176487	2025-09-15 17:20:47.176487
872	224	$$x = -1 \\pm 2i$$	f	2025-09-15 17:20:47.176487	2025-09-15 17:20:47.176487
873	224	$$x = 1 \\pm 2i$$	f	2025-09-15 17:20:47.176487	2025-09-15 17:20:47.176487
874	224	$$x = -2 \\pm i$$	f	2025-09-15 17:20:47.176487	2025-09-15 17:20:47.176487
875	224	$$x = 2 \\pm i$$	t	2025-09-15 17:20:47.176487	2025-09-15 17:20:47.176487
876	225	$$48$$	f	2025-09-15 17:20:47.176487	2025-09-15 17:20:47.176487
877	225	$$100$$	f	2025-09-15 17:20:47.176487	2025-09-15 17:20:47.176487
878	225	$$14$$	f	2025-09-15 17:20:47.176487	2025-09-15 17:20:47.176487
879	225	$$10$$	t	2025-09-15 17:20:47.176487	2025-09-15 17:20:47.176487
880	226	$$-1 + 5i$$	f	2025-09-15 17:20:47.176487	2025-09-15 17:20:47.176487
881	226	$$5 + 5i$$	f	2025-09-15 17:20:47.176487	2025-09-15 17:20:47.176487
882	226	$$-1 - 5i$$	f	2025-09-15 17:20:47.176487	2025-09-15 17:20:47.176487
883	226	$$5 - 5i$$	t	2025-09-15 17:20:47.176487	2025-09-15 17:20:47.176487
884	227	$$3 + 4i$$	f	2025-09-15 17:20:47.176487	2025-09-15 17:20:47.176487
885	227	$$-4 - 3i$$	f	2025-09-15 17:20:47.176487	2025-09-15 17:20:47.176487
886	227	$$-4 + 3i$$	f	2025-09-15 17:20:47.176487	2025-09-15 17:20:47.176487
887	227	$$4 + 3i$$	t	2025-09-15 17:20:47.176487	2025-09-15 17:20:47.176487
888	228	$$4(\\cos\\frac{2\\pi}{3} + i\\sin\\frac{2\\pi}{3})$$	f	2025-09-15 17:20:47.176487	2025-09-15 17:20:47.176487
889	228	$$4(\\cos\\frac{5\\pi}{3} + i\\sin\\frac{5\\pi}{3})$$	f	2025-09-15 17:20:47.176487	2025-09-15 17:20:47.176487
890	228	$$2(\\cos\\frac{2\\pi}{3} + i\\sin\\frac{2\\pi}{3})$$	f	2025-09-15 17:20:47.176487	2025-09-15 17:20:47.176487
891	228	$$2(\\cos\\frac{5\\pi}{3} + i\\sin\\frac{5\\pi}{3})$$	t	2025-09-15 17:20:47.176487	2025-09-15 17:20:47.176487
892	229	$$x = 3 \\pm 2i$$	f	2025-09-15 17:20:47.176487	2025-09-15 17:20:47.176487
893	229	$$x = -3 \\pm 2i$$	f	2025-09-15 17:20:47.176487	2025-09-15 17:20:47.176487
894	229	$$x = 3 \\pm i$$	f	2025-09-15 17:20:47.176487	2025-09-15 17:20:47.176487
895	229	$$x = -3 \\pm i$$	t	2025-09-15 17:20:47.176487	2025-09-15 17:20:47.176487
896	230	$$144$$	f	2025-09-15 17:20:47.176487	2025-09-15 17:20:47.176487
897	230	$$25$$	f	2025-09-15 17:20:47.176487	2025-09-15 17:20:47.176487
898	230	$$17$$	f	2025-09-15 17:20:47.176487	2025-09-15 17:20:47.176487
899	230	$$13$$	t	2025-09-15 17:20:47.176487	2025-09-15 17:20:47.176487
900	231	$$3 + 2i$$	f	2025-09-15 17:20:47.176487	2025-09-15 17:20:47.176487
901	231	$$5 - 5i$$	f	2025-09-15 17:20:47.176487	2025-09-15 17:20:47.176487
902	231	$$1 + 5i$$	f	2025-09-15 17:20:47.176487	2025-09-15 17:20:47.176487
903	231	$$5 + 5i$$	t	2025-09-15 17:20:47.176487	2025-09-15 17:20:47.176487
904	232	$$3 + 2i$$	f	2025-09-15 17:20:47.176487	2025-09-15 17:20:47.176487
905	232	$$-2 - 3i$$	f	2025-09-15 17:20:47.176487	2025-09-15 17:20:47.176487
906	232	$$-2 + 3i$$	f	2025-09-15 17:20:47.176487	2025-09-15 17:20:47.176487
907	232	$$2 - 3i$$	t	2025-09-15 17:20:47.176487	2025-09-15 17:20:47.176487
908	233	$$4(\\cos\\frac{\\pi}{3} + i\\sin\\frac{\\pi}{3})$$	f	2025-09-15 17:20:47.176487	2025-09-15 17:20:47.176487
909	233	$$4(\\cos\\frac{\\pi}{6} + i\\sin\\frac{\\pi}{6})$$	f	2025-09-15 17:20:47.176487	2025-09-15 17:20:47.176487
910	233	$$2(\\cos\\frac{\\pi}{3} + i\\sin\\frac{\\pi}{3})$$	f	2025-09-15 17:20:47.176487	2025-09-15 17:20:47.176487
911	233	$$2(\\cos\\frac{\\pi}{6} + i\\sin\\frac{\\pi}{6})$$	t	2025-09-15 17:20:47.176487	2025-09-15 17:20:47.176487
912	234	$$x = -2 \\pm i$$	f	2025-09-15 17:20:47.176487	2025-09-15 17:20:47.176487
913	234	$$x = 2 \\pm i$$	f	2025-09-15 17:20:47.176487	2025-09-15 17:20:47.176487
914	234	$$x = -1 \\pm i$$	f	2025-09-15 17:20:47.176487	2025-09-15 17:20:47.176487
915	234	$$x = 1 \\pm i$$	t	2025-09-15 17:20:47.176487	2025-09-15 17:20:47.176487
916	235	$$12$$	f	2025-09-15 17:20:47.176487	2025-09-15 17:20:47.176487
917	235	$$25$$	f	2025-09-15 17:20:47.176487	2025-09-15 17:20:47.176487
918	235	$$7$$	f	2025-09-15 17:20:47.176487	2025-09-15 17:20:47.176487
919	235	$$5$$	t	2025-09-15 17:20:47.176487	2025-09-15 17:20:47.176487
920	236	$$1 + i$$	f	2025-09-15 17:20:47.176487	2025-09-15 17:20:47.176487
921	236	$$1 - i$$	f	2025-09-15 17:20:47.176487	2025-09-15 17:20:47.176487
922	236	$$\\frac{1}{2} + \\frac{1}{2}i$$	f	2025-09-15 17:20:47.176487	2025-09-15 17:20:47.176487
923	236	$$\\frac{1}{2} - \\frac{1}{2}i$$	t	2025-09-15 17:20:47.176487	2025-09-15 17:20:47.176487
924	237	$$5 - 3i$$	f	2025-09-15 17:20:47.176487	2025-09-15 17:20:47.176487
925	237	$$1 - 5i$$	f	2025-09-15 17:20:47.176487	2025-09-15 17:20:47.176487
926	237	$$5 + 3i$$	f	2025-09-15 17:20:47.176487	2025-09-15 17:20:47.176487
927	237	$$1 + 5i$$	t	2025-09-15 17:20:47.176487	2025-09-15 17:20:47.176487
928	238	$$i$$	f	2025-09-15 17:20:47.176487	2025-09-15 17:20:47.176487
929	238	$$2 + i$$	f	2025-09-15 17:20:47.176487	2025-09-15 17:20:47.176487
930	238	$$1 + 2i$$	f	2025-09-15 17:20:47.176487	2025-09-15 17:20:47.176487
931	238	$$2i$$	t	2025-09-15 17:20:47.176487	2025-09-15 17:20:47.176487
932	239	$$4(\\cos\\frac{\\pi}{2} + i\\sin\\frac{\\pi}{2})$$	f	2025-09-15 17:20:47.176487	2025-09-15 17:20:47.176487
933	239	$$2\\sqrt{2}(\\cos\\frac{\\pi}{2} + i\\sin\\frac{\\pi}{2})$$	f	2025-09-15 17:20:47.176487	2025-09-15 17:20:47.176487
934	239	$$4(\\cos\\frac{\\pi}{4} + i\\sin\\frac{\\pi}{4})$$	f	2025-09-15 17:20:47.176487	2025-09-15 17:20:47.176487
935	239	$$2\\sqrt{2}(\\cos\\frac{\\pi}{4} + i\\sin\\frac{\\pi}{4})$$	t	2025-09-15 17:20:47.176487	2025-09-15 17:20:47.176487
936	240	$$x = 1 \\pm 2i$$	f	2025-09-15 17:20:47.176487	2025-09-15 17:20:47.176487
937	240	$$x = -1 \\pm 2i$$	f	2025-09-15 17:20:47.176487	2025-09-15 17:20:47.176487
938	240	$$x = 2 \\pm i$$	f	2025-09-15 17:20:47.176487	2025-09-15 17:20:47.176487
939	240	$$x = -2 \\pm i$$	t	2025-09-15 17:20:47.176487	2025-09-15 17:20:47.176487
940	241	$$12$$	f	2025-09-15 17:20:47.176487	2025-09-15 17:20:47.176487
941	241	$$25$$	f	2025-09-15 17:20:47.176487	2025-09-15 17:20:47.176487
942	241	$$7$$	f	2025-09-15 17:20:47.176487	2025-09-15 17:20:47.176487
943	241	$$5$$	t	2025-09-15 17:20:47.176487	2025-09-15 17:20:47.176487
944	242	$$3 + 2i$$	f	2025-09-15 17:20:47.176487	2025-09-15 17:20:47.176487
945	242	$$5 - 5i$$	f	2025-09-15 17:20:47.176487	2025-09-15 17:20:47.176487
946	242	$$1 + 5i$$	f	2025-09-15 17:20:47.176487	2025-09-15 17:20:47.176487
947	242	$$5 + 5i$$	t	2025-09-15 17:20:47.176487	2025-09-15 17:20:47.176487
948	243	$$1 - 5i$$	f	2025-09-15 17:20:47.176487	2025-09-15 17:20:47.176487
949	243	$$3 - i$$	f	2025-09-15 17:20:47.176487	2025-09-15 17:20:47.176487
950	243	$$1 + 5i$$	f	2025-09-15 17:20:47.176487	2025-09-15 17:20:47.176487
951	243	$$3 + i$$	t	2025-09-15 17:20:47.176487	2025-09-15 17:20:47.176487
952	244	$$12$$	f	2025-09-15 17:20:47.176487	2025-09-15 17:20:47.176487
953	244	$$25$$	f	2025-09-15 17:20:47.176487	2025-09-15 17:20:47.176487
954	244	$$7$$	f	2025-09-15 17:20:47.176487	2025-09-15 17:20:47.176487
955	244	$$5$$	t	2025-09-15 17:20:47.176487	2025-09-15 17:20:47.176487
\.


--
-- Data for Name: exercise_question_history; Type: TABLE DATA; Schema: public; Owner: postgres
--

COPY public.exercise_question_history (id, exercise_history_id, question_id, is_correct) FROM stdin;
41	3	106	f
42	3	105	f
43	3	104	f
44	3	103	f
45	3	102	f
46	3	101	f
47	3	100	f
48	3	99	f
49	3	98	f
50	3	97	f
51	3	116	f
52	3	115	f
53	3	114	f
54	3	113	f
55	3	112	f
56	3	111	f
57	3	110	f
58	3	109	f
59	3	108	f
60	3	107	f
61	3	126	f
62	3	125	f
63	3	124	f
64	3	123	f
65	3	122	f
66	3	121	f
67	3	120	f
68	3	119	f
69	3	118	f
70	3	117	f
71	3	137	f
72	3	136	f
73	3	135	f
74	3	134	f
75	3	133	f
76	3	132	f
77	3	131	f
78	3	130	f
79	3	129	f
80	3	128	f
81	3	127	f
82	3	146	f
83	3	145	f
84	3	144	f
85	3	143	f
86	3	142	f
87	3	141	f
88	3	140	f
89	3	139	f
90	3	138	f
91	3	156	f
92	3	155	f
93	3	154	f
94	3	153	f
95	3	152	f
96	3	151	f
97	3	150	f
98	3	149	f
99	3	148	f
100	3	147	f
101	3	166	f
102	3	165	f
103	3	164	f
104	3	163	f
105	3	162	f
106	3	161	f
107	3	160	f
108	3	159	f
109	3	158	f
110	3	157	f
111	3	176	f
112	3	175	f
113	3	174	f
114	3	173	f
115	3	172	f
116	3	171	f
117	3	170	f
118	3	169	f
119	3	168	f
120	3	167	f
121	3	186	f
122	3	185	f
123	3	184	f
124	3	183	f
125	3	182	f
126	3	181	f
127	3	180	f
128	3	179	f
129	3	178	f
130	3	177	f
131	3	196	f
132	3	195	f
133	3	194	f
134	3	193	f
135	3	192	f
136	3	191	f
137	3	190	f
138	3	189	f
139	3	188	f
140	3	187	f
141	3	206	f
142	3	205	f
143	3	204	f
144	3	203	f
145	3	202	f
146	3	201	f
147	3	200	f
148	3	199	f
149	3	198	f
150	3	197	f
151	4	106	f
152	4	105	f
153	4	104	f
154	4	103	f
155	4	102	f
156	4	101	f
157	4	100	f
158	4	99	f
159	4	98	f
160	4	97	f
161	4	116	f
162	4	115	f
163	4	114	f
164	4	113	f
165	4	112	f
166	4	111	f
167	4	110	f
168	4	109	f
169	4	108	f
170	4	107	f
171	4	126	f
172	4	125	f
173	4	124	f
174	4	123	f
175	4	122	f
176	4	121	f
177	4	120	f
178	4	119	f
179	4	118	f
180	4	117	f
181	4	137	f
182	4	136	f
183	4	135	f
184	4	134	f
185	4	133	f
186	4	132	f
187	4	131	f
188	4	130	f
189	4	129	f
190	4	128	f
191	4	127	f
192	4	146	f
193	4	145	f
194	4	144	f
195	4	143	f
196	4	142	f
197	4	141	f
198	4	140	f
199	4	139	f
200	4	138	f
201	4	156	f
202	4	155	f
203	4	154	f
204	4	153	f
205	4	152	f
206	4	151	f
207	4	150	f
208	4	149	f
209	4	148	f
210	4	147	f
211	4	166	f
212	4	165	f
213	4	164	f
214	4	163	f
215	4	162	f
216	4	161	f
217	4	160	f
218	4	159	f
219	4	158	f
220	4	157	f
221	4	176	f
222	4	175	f
223	4	174	f
224	4	173	f
225	4	172	f
226	4	171	f
227	4	170	f
228	4	169	f
229	4	168	f
230	4	167	f
231	4	186	f
232	4	185	f
233	4	184	f
234	4	183	f
235	4	182	f
236	4	181	f
237	4	180	f
238	4	179	f
239	4	178	f
240	4	177	f
241	4	196	f
242	4	195	f
243	4	194	f
244	4	193	f
245	4	192	f
246	4	191	f
247	4	190	f
248	4	189	f
249	4	188	f
250	4	187	f
251	4	206	f
252	4	205	f
253	4	204	f
254	4	203	f
255	4	202	f
256	4	201	f
257	4	200	f
258	4	199	f
259	4	198	f
260	4	197	f
261	5	239	f
262	5	233	f
263	5	228	f
264	5	223	f
265	5	218	f
266	5	213	f
267	5	207	f
268	5	240	f
269	5	234	f
270	5	229	f
271	5	224	f
272	5	219	f
273	5	214	f
274	5	208	f
275	5	241	f
276	5	235	f
277	5	230	f
278	5	225	f
279	5	220	f
280	5	215	f
281	5	209	f
282	5	242	f
283	5	236	f
284	5	231	f
285	5	226	f
286	5	221	f
287	5	216	f
288	5	210	f
289	5	243	f
290	5	237	f
291	5	211	f
292	5	244	f
293	5	238	f
294	5	232	f
295	5	227	f
296	5	222	f
297	5	217	f
298	5	212	f
299	6	239	f
300	6	233	f
301	6	228	f
302	6	223	f
303	6	218	f
304	6	213	f
305	6	207	f
306	6	240	f
307	6	234	f
308	6	229	f
309	6	224	f
310	6	219	f
311	6	214	f
312	6	208	f
313	6	241	f
314	6	235	f
315	6	230	f
316	6	225	f
317	6	220	f
318	6	215	f
319	6	209	f
320	6	242	f
321	6	236	f
322	6	231	f
323	6	226	f
324	6	221	f
325	6	216	f
326	6	210	f
327	6	243	f
328	6	237	f
329	6	211	f
330	6	244	f
331	6	238	f
332	6	232	f
333	6	227	f
334	6	222	f
335	6	217	f
336	6	212	f
337	7	106	f
338	7	105	f
339	7	104	f
340	7	103	f
341	7	102	f
342	7	101	f
343	7	100	f
344	7	99	f
345	7	98	f
346	7	97	f
347	7	116	f
348	7	115	f
349	7	114	f
350	7	113	f
351	7	112	f
352	7	111	f
353	7	110	f
354	7	109	f
355	7	108	f
356	7	107	f
357	7	126	f
358	7	125	f
359	7	124	f
360	7	123	f
361	7	122	f
362	7	121	f
363	7	120	f
364	7	119	f
365	7	118	f
366	7	117	f
367	7	137	f
368	7	136	f
369	7	135	f
370	7	134	f
371	7	133	f
372	7	132	f
373	7	131	f
374	7	130	f
375	7	129	f
376	7	128	f
377	7	127	f
378	7	146	f
379	7	145	f
380	7	144	f
381	7	143	f
382	7	142	f
383	7	141	f
384	7	140	f
385	7	139	f
386	7	138	f
387	7	156	f
388	7	155	f
389	7	154	f
390	7	153	f
391	7	152	f
392	7	151	f
393	7	150	f
394	7	149	f
395	7	148	f
396	7	147	f
397	7	166	f
398	7	165	f
399	7	164	f
400	7	163	f
401	7	162	f
402	7	161	f
403	7	160	f
404	7	159	f
405	7	158	f
406	7	157	f
407	7	176	f
408	7	175	f
409	7	174	f
410	7	173	f
411	7	172	f
412	7	171	f
413	7	170	f
414	7	169	f
415	7	168	f
416	7	167	f
417	7	186	f
418	7	185	f
419	7	184	f
420	7	183	f
421	7	182	f
422	7	181	f
423	7	180	f
424	7	179	f
425	7	178	f
426	7	177	f
427	7	196	f
428	7	195	f
429	7	194	f
430	7	193	f
431	7	192	f
432	7	191	f
433	7	190	f
434	7	189	f
435	7	188	f
436	7	187	f
437	7	206	f
438	7	205	f
439	7	204	f
440	7	203	f
441	7	202	f
442	7	201	f
443	7	200	f
444	7	199	f
445	7	198	f
446	7	197	f
447	8	212	f
448	8	217	f
449	8	222	f
450	8	227	f
451	8	232	f
452	8	238	f
453	8	244	f
454	8	211	f
455	8	237	f
456	8	243	f
457	8	210	f
458	8	216	f
459	8	221	f
460	8	226	f
461	8	231	f
462	8	236	f
463	8	242	f
464	8	209	f
465	8	215	f
466	8	220	f
467	8	225	f
468	8	230	f
469	8	235	f
470	8	241	f
471	8	208	f
472	8	214	f
473	8	219	f
474	8	224	f
475	8	229	f
476	8	234	f
477	8	240	f
478	8	207	f
479	8	213	f
480	8	218	f
481	8	223	f
482	8	228	f
483	8	233	f
484	8	239	f
\.


--
-- Data for Name: exercises; Type: TABLE DATA; Schema: public; Owner: postgres
--

COPY public.exercises (id, video_id, user_id, duration, title, description, subject, grade, created_at, updated_at) FROM stdin;
5	10	1	0	Quiz for Limit	Multiple choice questions for the video: Limit	General	All	2025-09-14 17:13:58.44	2025-09-14 17:13:58.44
3	5	3	0	Quiz for ដោះស្រាយដោយប្រើ IQ 	Multiple choice questions for the video: ដោះស្រាយដោយប្រើ IQ 	General	All	2025-09-14 14:05:18.944	2025-09-14 20:20:28.755562
1	3	3	0	Quiz for សម្រួលរ៉ាឌីកាល់	Multiple choice questions for the video: សម្រួលរ៉ាឌីកាល់	General	All	2025-09-14 14:01:58.965	2025-09-14 20:22:26.983952
2	4	3	0	Quiz for ដោះស្រាយដោយប្រើ IQ 	Multiple choice questions for the video: ដោះស្រាយដោយប្រើ IQ 	General	All	2025-09-14 14:05:07.686	2025-09-14 20:22:48.281563
4	6	3	0	Quiz for មេរៀន លីមីត (ភាគ១) លីមីតងាយៗ	Multiple choice questions for the video: មេរៀន លីមីត (ភាគ១) លីមីតងាយៗ	General	All	2025-09-14 14:08:19.752	2025-09-14 20:23:13.701532
12	\N	1	60	លីមីត	លំហាត់ចំណេះដឹងលីមីត ចែកជា​ផ្នែកៗតាមមាតិកា ដោយមានសំណួរ​កម្រិតពិបាក​បន្តិចមកខ្ពស់។	គណិតវិទ្យា	ថ្នាក់ទី១២	2025-09-15 17:20:35.121284	2025-09-15 17:22:31.249225
13	\N	1	60	កុំផ្លិច	លំហាត់អំពីចំនួនកុំផ្លិច និងប្រមាណវិធីផ្សេងៗ	គណិតវិទ្យា	ថ្នាក់ទី១២	2025-09-15 17:20:47.176487	2025-09-15 17:22:31.249225
14	\N	1	60	និយមន័យដេរីវេ	លំហាត់ខ្លី សាកល្បងរៀនដេរីវេតាមនិយមន័យ	គណិតវិទ្យា	ថ្នាក់ទី១២	2025-09-15 17:54:39.460952	2025-09-15 17:54:39.460952
15	\N	1	60	រូបមន្តដេរីវេ	លំហាត់ខ្លី រូបមន្តដេរីវេ	គណិតវិទ្យា	ថ្នាក់ទី១២	2025-09-15 17:54:41.317154	2025-09-15 17:54:41.317154
16	\N	1	60	ដេរីវេពីជគណិត	លំហាត់ខ្លី ដេរីវេតាមនិយមន័យជាគណិត	គណិតវិទ្យា	ថ្នាក់ទី១២	2025-09-15 17:54:42.849087	2025-09-15 17:54:42.849087
17	\N	1	60	ដេរីវេអនុគមន៍ត្រីកោណមាត្រ	លំហាត់ខ្លី ដេរីវេលើត្រីកោណមាត្រ	គណិតវិទ្យា	ថ្នាក់ទី១២	2025-09-15 17:54:44.053931	2025-09-15 17:54:44.053931
18	\N	1	60	ដេរីវេអនុគមន៍អុិចស្បូណង់ស្យែល	លំហាត់ខ្លី ដេរីវេលើអុិចស្បូណង់ស្យែល	គណិតវិទ្យា	ថ្នាក់ទី១២	2025-09-15 17:54:45.317023	2025-09-15 17:54:45.317023
19	\N	1	60	ដេរីវេឡូការីតនេពែ	លំហាត់ខ្លី ដេរីវេលើឡូការីតនេពែ	គណិតវិទ្យា	ថ្នាក់ទី១២	2025-09-15 17:54:46.616706	2025-09-15 17:54:46.616706
20	\N	1	60	ដេរីវេឡូលំដាប់ខ្ពស់	លំហាត់ខ្លី ដេរីវេលំដាប់លេខពីរ	គណិតវិទ្យា	ថ្នាក់ទី១២	2025-09-15 17:54:48.138995	2025-09-15 17:54:48.138995
21	\N	1	60	និយមន័យអាំងតេក្រាល	លំហាត់ខ្លី អំពីនិយមន័យអាំងតេក្រាល	គណិតវិទ្យា	ថ្នាក់ទី១២	2025-09-15 17:54:49.434985	2025-09-15 17:54:49.434985
22	\N	1	60	រូបមន្តអាំងតេក្រាល	លំហាត់ខ្លី រូបមន្តអាំងតេក្រាល	គណិតវិទ្យា	ថ្នាក់ទី១២	2025-09-15 17:54:50.666914	2025-09-15 17:54:50.666914
23	\N	1	60	អាំងតេក្រាលមិនកំណត់	លំហាត់ខ្លី អាំងតេក្រាលមិនកំណត់	គណិតវិទ្យា	ថ្នាក់ទី១២	2025-09-15 17:54:52.003987	2025-09-15 17:54:52.003987
24	\N	1	60	អាំងតេក្រាលកំណត់	លំហាត់ខ្លី អាំងតេក្រាលកំណត់	គណិតវិទ្យា	ថ្នាក់ទី១២	2025-09-15 17:54:53.876012	2025-09-15 17:54:53.876012
25	\N	1	60	និយមន័យសមីការឌីផេរ៉ង់សែ្យល	លំហាត់ខ្លី និយមន័យសមីការឌីផេរ៉ង់សែ្យល	គណិតវិទ្យា	ថ្នាក់ទី១២	2025-09-15 17:54:56.146986	2025-09-15 17:54:56.146986
26	\N	1	60	លីនេអ៊ែរ លំដាប់១ មេគុណថេរ	លំហាត់ខ្លី សមីការលីនេអ៊ែរ​លំដាប់១	គណិតវិទ្យា	ថ្នាក់ទី១២	2025-09-15 17:54:57.767178	2025-09-15 17:54:57.767178
27	\N	1	60	លីនេអ៊ែរ លំដាប់២ មេគុណថេរ	លំហាត់ខ្លី សមីការលំដាប់២ មេគុណថេរ	គណិតវិទ្យា	ថ្នាក់ទី១២	2025-09-15 17:54:59.447001	2025-09-15 17:54:59.447001
28	\N	1	60	លំដាប់ទូទៅ មេគុណថេរ	លំហាត់ខ្លី លំដាប់ទូទៅ មេគុណថេរ	គណិតវិទ្យា	ថ្នាក់ទី១២	2025-09-15 17:55:00.706354	2025-09-15 17:55:00.706354
29	\N	1	60	ទម្រង់ផ្សេងៗ	លំហាត់ខ្លី ទម្រង់សមីការឌីផេរ៉ង់សែ្យលផ្សេងៗ	គណិតវិទ្យា	ថ្នាក់ទី១២	2025-09-15 17:55:01.985909	2025-09-15 17:55:01.985909
30	\N	1	60	គោលការណ៍របាប់	លំហាត់ខ្លី គោលការណ៍របាប់ក្នុងការរាប់	គណិតវិទ្យា	ថ្នាក់ទី១២	2025-09-15 17:55:03.286075	2025-09-15 17:55:03.286075
31	\N	1	60	និយមន័យប្រូបាប	លំហាត់ខ្លី និយមន័យប្រូបាប	គណិតវិទ្យា	ថ្នាក់ទី១២	2025-09-15 17:55:04.526076	2025-09-15 17:55:04.526076
32	\N	1	60	ប្រូបាបចម្លាស់	លំហាត់ខ្លី ចំនួនចម្លាស់	គណិតវិទ្យា	ថ្នាក់ទី១២	2025-09-15 17:55:05.91691	2025-09-15 17:55:05.91691
33	\N	1	60	ប្រូបាបបន្សំ	លំហាត់ខ្លី ចំនួនបន្សំ	គណិតវិទ្យា	ថ្នាក់ទី១២	2025-09-15 17:55:07.697127	2025-09-15 17:55:07.697127
34	\N	1	60	ព្រឹត្តការណ៍សមាស	លំហាត់ខ្លី ព្រឹត្តការណ៍សមាស	គណិតវិទ្យា	ថ្នាក់ទី១២	2025-09-15 17:55:09.356971	2025-09-15 17:55:09.356971
35	\N	1	60	និយមន័យវ៉ិចទ័រ	លំហាត់ខ្លី និយមន័យវ៉ិចទ័រ	គណិតវិទ្យា	ថ្នាក់ទី១២	2025-09-15 17:55:10.836986	2025-09-15 17:55:10.836986
36	\N	1	60	កូអរដោនេវ៉ិចទ័រក្នុងលំហ	លំហាត់ខ្លី កូអរដោនេវ៉ិចទ័រ	គណិតវិទ្យា	ថ្នាក់ទី១២	2025-09-15 17:56:12.337026	2025-09-15 17:56:12.337026
37	\N	1	60	ផ្ទៃក្រឡា	លំហាត់ខ្លី ផ្ទៃក្រឡាចតុកោណ/ត្រីកោណ	គណិតវិទ្យា	ថ្នាក់ទី១២	2025-09-15 17:56:14.396106	2025-09-15 17:56:14.396106
38	\N	1	60	មាឌ	លំហាត់ខ្លី មាឌរាងកាយធរណីមាតិ	គណិតវិទ្យា	ថ្នាក់ទី១២	2025-09-15 17:56:16.087068	2025-09-15 17:56:16.087068
39	\N	1	60	សមីការ	លំហាត់ខ្លី សមីការបន្ទាត់/ផ្ទៃរាប	គណិតវិទ្យា	ថ្នាក់ទី១២	2025-09-15 17:56:17.65459	2025-09-15 17:56:17.65459
40	\N	1	60	និយមន័យកោនិក	លំហាត់ខ្លី និយមន័យកោនិក	គណិតវិទ្យា	ថ្នាក់ទី១២	2025-09-15 17:56:19.135203	2025-09-15 17:56:19.135203
41	\N	1	60	ប៉ារ៉ាបូល	លំហាត់ខ្លី ប៉ារ៉ាបូល	គណិតវិទ្យា	ថ្នាក់ទី១២	2025-09-15 17:56:20.346955	2025-09-15 17:56:20.346955
42	\N	1	60	អេលីប	លំហាត់ខ្លី អេលីប	គណិតវិទ្យា	ថ្នាក់ទី១២	2025-09-15 17:56:21.581283	2025-09-15 17:56:21.581283
43	\N	1	60	អុីពែបូល	លំហាត់ខ្លី អុីពែបូល	គណិតវិទ្យា	ថ្នាក់ទី១២	2025-09-15 17:56:22.875063	2025-09-15 17:56:22.875063
44	\N	1	60	និយមន័យអនុគមន៍	លំហាត់ខ្លី និយមន័យអនុគមន៍	គណិតវិទ្យា	ថ្នាក់ទី១២	2025-09-15 17:56:24.56708	2025-09-15 17:56:24.56708
45	\N	1	60	អនុគមន៍សនិទាន	លំហាត់ខ្លី អនុគមន៍សនិទាន	គណិតវិទ្យា	ថ្នាក់ទី១២	2025-09-15 17:56:26.448951	2025-09-15 17:56:26.448951
46	\N	1	60	អនុគមន៍អិចស្បូណង់ស្យែល	លំហាត់ខ្លី អិចស្បូណង់ស្យែល	គណិតវិទ្យា	ថ្នាក់ទី១២	2025-09-15 17:56:27.92401	2025-09-15 17:56:27.92401
47	\N	1	60	អនុគមន៍ឡូការីត	លំហាត់ខ្លី អនុគមន៍ឡូការីត	គណិតវិទ្យា	ថ្នាក់ទី១២	2025-09-15 17:56:29.477019	2025-09-15 17:56:29.477019
48	\N	1	60	សមីការ (អនុគមន៍)	លំហាត់ខ្លី សមីការអនុគមន៍	គណិតវិទ្យា	ថ្នាក់ទី១២	2025-09-15 17:56:30.836934	2025-09-15 17:56:30.836934
49	\N	1	60	ប្លង់សិក្សាអនុគមន៍	លំហាត់ខ្លី ប្លង់សិក្សា (អតិបរមា/អប្បបរមា/ភាពកោង)	គណិតវិទ្យា	ថ្នាក់ទី១២	2025-09-15 17:56:32.874034	2025-09-15 17:56:32.874034
50	\N	1	60	ល្បឿនប្រតិកម្មគីមី	លំហាត់ខ្លី ល្បឿនប្រតិកម្មគីមី	គីមីវិទ្យា	ថ្នាក់ទី១២	2025-09-15 18:12:18.884622	2025-09-15 18:12:18.884622
51	\N	1	60	កត្តាជិះឥទ្ធិពលលេីល្បឿនប្រតិកម្ម	លំហាត់ខ្លី កត្តាជិះឥទ្ធិពលលេីល្បឿនប្រតិកម្ម	គីមីវិទ្យា	ថ្នាក់ទី១២	2025-09-15 18:12:20.335629	2025-09-15 18:12:20.335629
52	\N	1	60	សមាសធាតុសូលូស្យុងក្នុងទឹក	លំហាត់ខ្លី សមាសធាតុសូលូស្យុងក្នុងទឹក	គីមីវិទ្យា	ថ្នាក់ទី១២	2025-09-15 18:12:21.595798	2025-09-15 18:12:21.595798
53	\N	1	60	កម្លាំងអន្តរម៉ូលេគុល	លំហាត់ខ្លី កម្លាំងអន្តរម៉ូលេគុល	គីមីវិទ្យា	ថ្នាក់ទី១២	2025-09-15 18:12:23.085486	2025-09-15 18:12:23.085486
54	\N	1	60	តារាងសមាសធាតុ	លំហាត់ខ្លី តារាងសមាសធាតុ	គីមីវិទ្យា	ថ្នាក់ទី១២	2025-09-15 18:12:24.474591	2025-09-15 18:12:24.474591
55	\N	1	60	ទ្រឹស្តីអាសុីតបាស	លំហាត់ខ្លី ទ្រឹស្តីអាសុីតបាស	គីមីវិទ្យា	ថ្នាក់ទី១២	2025-09-15 18:12:25.68551	2025-09-15 18:12:25.68551
56	\N	1	60	ប្រតិកម្មអាសុីតបាស	លំហាត់ខ្លី ប្រតិកម្មអាសុីតបាស	គីមីវិទ្យា	ថ្នាក់ទី១២	2025-09-15 18:12:26.951595	2025-09-15 18:12:26.951595
57	\N	1	60	សូលុយស្យុងក្នុងទឹកនិង ph	លំហាត់ខ្លី សូលុយស្យុងក្នុងទឹកនិង ph	គីមីវិទ្យា	ថ្នាក់ទី១២	2025-09-15 18:12:28.194537	2025-09-15 18:12:28.194537
58	\N	1	60	អត្រាកម្មអាសុីត-បាស	លំហាត់ខ្លី អត្រាកម្មអាសុីត-បាស	គីមីវិទ្យា	ថ្នាក់ទី១២	2025-09-15 18:12:29.744549	2025-09-15 18:12:29.744549
59	\N	1	60	តារាងសមាសធាតុ (អាសុីត-បាស)	លំហាត់ខ្លី តារាងសមាសធាតុ អាសុីត-បាស	គីមីវិទ្យា	ថ្នាក់ទី១២	2025-09-15 18:12:31.571672	2025-09-15 18:12:31.571672
60	\N	1	60	ធម្មជាតិនៃលំនឹងគីមី	លំហាត់ខ្លី ធម្មជាតិនៃលំនឹងគីមី	គីមីវិទ្យា	ថ្នាក់ទី១២	2025-09-15 18:12:33.545813	2025-09-15 18:12:33.545813
61	\N	1	60	ការរំកិលលំនឹង	លំហាត់ខ្លី ការរំកិលលំនឹង	គីមីវិទ្យា	ថ្នាក់ទី១២	2025-09-15 18:12:35.067623	2025-09-15 18:12:35.067623
62	\N	1	60	លំនឹងនៃអាសុីត បាស និងអំបិល	លំហាត់ខ្លី លំនឹងនៃអាសុីត បាស និងអំបិល	គីមីវិទ្យា	ថ្នាក់ទី១២	2025-09-15 18:12:36.275555	2025-09-15 18:12:36.275555
63	\N	1	60	អេស្ទែ ខ្លាញ់និងប្រេង	លំហាត់ខ្លី អេស្ទែ ខ្លាញ់និងប្រេង	គីមីវិទ្យា	ថ្នាក់ទី១២	2025-09-15 18:12:37.815509	2025-09-15 18:12:37.815509
64	\N	1	60	ស្រលាយអាលីផាទិចអាសូត	លំហាត់ខ្លី ស្រលាយអាលីផាទិចអាសូត	គីមីវិទ្យា	ថ្នាក់ទី១២	2025-09-15 18:12:39.274464	2025-09-15 18:12:39.274464
65	\N	1	60	សមាសធាតុប្រហេីរ	លំហាត់ខ្លី សមាសធាតុប្រហេីរ	គីមីវិទ្យា	ថ្នាក់ទី១២	2025-09-15 18:12:41.054588	2025-09-15 18:12:41.054588
66	\N	1	60	ជីវវិទ្យាកោសិកា	លំហាត់ខ្លី ជីវវិទ្យាកោសិកា	ជីវវិទ្យា	ថ្នាក់ទី១២	2025-09-15 18:18:26.478643	2025-09-15 18:18:26.478643
67	\N	1	60	វិជ្ជាបង្កើត	លំហាត់ខ្លី វិជ្ជាបង្កើត	ជីវវិទ្យា	ថ្នាក់ទី១២	2025-09-15 18:18:28.103675	2025-09-15 18:18:28.103675
68	\N	1	60	បរិស្ថានវិទ្យា	លំហាត់ខ្លី បរិស្ថានវិទ្យា	ជីវវិទ្យា	ថ្នាក់ទី១២	2025-09-15 18:18:29.661884	2025-09-15 18:18:29.661884
69	\N	1	60	វិវឌ្ឍនភាព	លំហាត់ខ្លី វិវឌ្ឍនភាព	ជីវវិទ្យា	ថ្នាក់ទី១២	2025-09-15 18:18:31.101507	2025-09-15 18:18:31.101507
70	\N	1	60	ជីវវិទ្យាមនុស្ស	លំហាត់ខ្លី ជីវវិទ្យាមនុស្ស	ជីវវិទ្យា	ថ្នាក់ទី១២	2025-09-15 18:18:32.353571	2025-09-15 18:18:32.353571
71	\N	1	60	ជីវវិទ្យារុក្ខជាតិ	លំហាត់ខ្លី ជីវវិទ្យារុក្ខជាតិ	ជីវវិទ្យា	ថ្នាក់ទី១២	2025-09-15 18:18:33.736579	2025-09-15 18:18:33.736579
72	\N	1	60	ជីវវិទ្យាសត្វ	លំហាត់ខ្លី ជីវវិទ្យាសត្វ	ជីវវិទ្យា	ថ្នាក់ទី១២	2025-09-15 18:18:35.398532	2025-09-15 18:18:35.398532
73	\N	1	60	ជីវគីមីវិទ្យា	លំហាត់ខ្លី ជីវគីមីវិទ្យា	ជីវវិទ្យា	ថ្នាក់ទី១២	2025-09-15 18:18:36.751694	2025-09-15 18:18:36.751694
74	\N	1	60	មេកានិច	លំហាត់ខ្លី មេកានិច	រូបវិទ្យា	ថ្នាក់ទី១២	2025-09-15 18:19:20.989899	2025-09-15 18:19:20.989899
75	\N	1	60	ទែរម៉ូឌីណាមិច	លំហាត់ខ្លី ទែរម៉ូឌីណាមិច	រូបវិទ្យា	ថ្នាក់ទី១២	2025-09-15 18:19:22.330016	2025-09-15 18:19:22.330016
76	\N	1	60	អគ្គីសនី	លំហាត់ខ្លី អគ្គីសនី	រូបវិទ្យា	ថ្នាក់ទី១២	2025-09-15 18:19:23.704963	2025-09-15 18:19:23.704963
77	\N	1	60	ម៉ាញេទិច	លំហាត់ខ្លី ម៉ាញេទិច	រូបវិទ្យា	ថ្នាក់ទី១២	2025-09-15 18:19:25.304914	2025-09-15 18:19:25.304914
78	\N	1	60	រលក	លំហាត់ខ្លី រលក	រូបវិទ្យា	ថ្នាក់ទី១២	2025-09-15 18:19:26.762907	2025-09-15 18:19:26.762907
79	\N	1	60	អុបទិក	លំហាត់ខ្លី អុបទិក	រូបវិទ្យា	ថ្នាក់ទី១២	2025-09-15 18:19:28.035967	2025-09-15 18:19:28.035967
80	\N	1	60	រូបវិទ្យាទំនើប	លំហាត់ខ្លី រូបវិទ្យាទំនើប	រូបវិទ្យា	ថ្នាក់ទី១២	2025-09-15 18:19:30.004905	2025-09-15 18:19:30.004905
81	\N	1	60	រូបវិទ្យានុយក្លេអ៊ែ	លំហាត់ខ្លី រូបវិទ្យានុយក្លេអ៊ែ	រូបវិទ្យា	ថ្នាក់ទី១២	2025-09-15 18:19:31.62588	2025-09-15 18:19:31.62588
82	\N	1	60	រូបវិទ្យាក្វង់តាំ	លំហាត់ខ្លី រូបវិទ្យាក្វង់តាំ	រូបវិទ្យា	ថ្នាក់ទី១២	2025-09-15 18:19:33.393967	2025-09-15 18:19:33.393967
\.


--
-- Data for Name: feedback_media; Type: TABLE DATA; Schema: public; Owner: postgres
--

COPY public.feedback_media (id, feedback_id, public_url, secure_url, media_type, created_at, updated_at) FROM stdin;
\.


--
-- Data for Name: feedbacks; Type: TABLE DATA; Schema: public; Owner: postgres
--

COPY public.feedbacks (id, user_id, content, type, status, created_at, updated_at) FROM stdin;
1	1	"មេរៀនគណិតវិទ្យាថ្នាក់ទី១០ មានលំហាត់មួយចម្លើយខុស តើអាចកែបានទេ?"	wrong_content	unresolved	2025-09-14 16:43:14.875	2025-09-14 16:43:14.875
2	1	"App មិនទាន់មាន dark mode ទេ បើមានទំនងជាល្អប្រើជាងនេះ។"	feature_request	unresolved	2025-09-14 16:44:02.058	2025-09-14 16:44:02.058
3	1	"ខ្ញុំចូលមើលវីដេអូរូបវិទ្យា ប៉ុន្តែវាមិនឡើង។ អាចជាបញ្ហា network ឬ server?"	bug	unresolved	2025-09-14 16:44:20.411	2025-09-14 16:44:20.411
4	1	"សូមបន្ថែមមេរៀនជីវវិទ្យាថ្នាក់ទី១២ ព្រោះមិនទាន់ពេញលេញទេ។"	wrong_content	unresolved	2025-09-14 16:44:39.316	2025-09-14 16:44:39.316
5	1	"App ធ្វើឲ្យខ្ញុំមានកម្លាំងចិត្តសិក្សា តែសូមមាន reminder ឲ្យចូលរៀនរៀងរាល់ថ្ងៃ។"	feature_request	unresolved	2025-09-14 16:44:48.77	2025-09-14 16:44:48.77
6	4	Ai so slow	bug	unresolved	2025-10-09 05:49:25.475	2025-10-09 05:49:25.475
\.


--
-- Data for Name: followers; Type: TABLE DATA; Schema: public; Owner: postgres
--

COPY public.followers (id, user_id, followed_id, created_at, updated_at) FROM stdin;
2	3	1	2025-09-14 07:45:54.791555	2025-09-14 07:45:54.791555
3	1	3	2025-09-14 12:46:02.923618	2025-09-14 12:46:02.923618
\.


--
-- Data for Name: forum_comment_likes; Type: TABLE DATA; Schema: public; Owner: postgres
--

COPY public.forum_comment_likes (id, forum_comment_id, user_id, created_at, updated_at) FROM stdin;
1	16	1	2025-09-14 07:25:51.041	2025-09-14 07:25:51.041
2	1	3	2025-09-14 07:42:51.772	2025-09-14 07:42:51.772
3	1	1	2025-09-14 12:30:34.787	2025-09-14 12:30:34.787
4	5	1	2025-09-14 12:30:37.531	2025-09-14 12:30:37.531
5	2	1	2025-09-14 12:46:30.454	2025-09-14 12:46:30.454
\.


--
-- Data for Name: forum_comment_medias; Type: TABLE DATA; Schema: public; Owner: postgres
--

COPY public.forum_comment_medias (id, forum_comment_id, url, url_for_deletion, media_type, created_at, updated_at) FROM stdin;
\.


--
-- Data for Name: forum_comments; Type: TABLE DATA; Schema: public; Owner: postgres
--

COPY public.forum_comments (id, forum_id, user_id, description, created_at, updated_at) FROM stdin;
1	10	1	តែងតែគាំទ្រ✌️	2025-09-14 07:10:46.146	2025-09-14 07:10:46.146
2	10	1	អស្ចារ្យមែន💎\n\n	2025-09-14 07:13:37.49	2025-09-14 07:13:37.49
3	10	1	ធម្មតា តែពិសេស✨	2025-09-14 07:13:48.003	2025-09-14 07:13:48.003
4	10	1	ការចែករំលែកល្អ👍\n\n	2025-09-14 07:13:58.157	2025-09-14 07:13:58.157
5	10	3	មើលម្តងទៀតក៏មិនធុញ😇	2025-09-14 07:14:10.643	2025-09-14 07:14:10.643
6	10	3	មើលម្តងទៀតក៏មិនធុញ😇	2025-09-14 07:14:26.398	2025-09-14 07:14:26.398
7	10	3	មើលម្តងទៀតក៏មិនធុញ😇	2025-09-14 07:15:46.974	2025-09-14 07:15:46.974
8	9	1	យ៉ាងពិតប្រាកដ👍	2025-09-14 07:15:48.309	2025-09-14 07:15:48.309
9	9	1	ចូលចិត្តណាស់😊	2025-09-14 07:16:01.527	2025-09-14 07:16:01.527
10	9	1	ការចែករំលែកល្អ👍	2025-09-14 07:16:18.524	2025-09-14 07:16:18.524
11	8	1	មានតែស្នេហា❤️\n\nធម្មតា តែពិសេស✨\n\nមើលម្តងទៀតក៏មិនធុញ😇\n\nការចែករំលែកល្អ👍	2025-09-14 07:17:34.258	2025-09-14 07:17:34.258
12	8	1	មានតែស្នេហា❤️\n\nធម្មតា តែពិសេស✨\n\nមើលម្តងទៀតក៏មិនធុញ😇\n\nការចែករំលែកល្អ👍	2025-09-14 07:17:42.436	2025-09-14 07:17:42.436
13	8	1	មានតែស្នេហា❤️\n\nធម្មតា តែពិសេស✨\n\nមើលម្តងទៀតក៏មិនធុញ😇\n\nការចែករំលែកល្អ👍	2025-09-14 07:17:50.935	2025-09-14 07:17:50.935
14	7	1	មានតែស្នេហា❤️\n\nធម្មតា តែពិសេស✨\n\nមើលម្តងទៀតក៏មិនធុញ😇\n\nការចែករំលែកល្អ👍	2025-09-14 07:18:09.043	2025-09-14 07:18:09.043
15	7	1	ល្អណាស់បាទ/ចាស❤️\n\nតែងតែគាំទ្រ✌️\n\nរឿងនេះមានអត្ថន័យខ្លាំងណាស់👏	2025-09-14 07:18:19.712	2025-09-14 07:18:19.712
16	6	1	ល្អណាស់បាទ/ចាស❤️\n\nតែងតែគាំទ្រ✌️\n\nរឿងនេះមានអត្ថន័យខ្លាំងណាស់👏	2025-09-14 07:18:49.981	2025-09-14 07:18:49.981
17	6	1	I like	2025-09-14 07:54:13.768	2025-09-14 07:54:13.768
18	6	1	I am not sure	2025-09-14 07:57:43.407	2025-09-14 07:57:43.407
19	6	1	Yes i agree	2025-09-14 07:58:19.951	2025-09-14 07:58:19.951
20	6	1	Please post more often	2025-09-14 07:59:30.584	2025-09-14 07:59:30.584
21	6	1	Cannot agree more	2025-09-14 08:02:58.627	2025-09-14 08:02:58.627
22	10	1	ពិតណាស់	2025-09-14 12:43:43.642	2025-09-14 12:43:43.642
23	10	1	ពិតមែនហើយ 	2025-09-14 12:46:24.833	2025-09-14 12:46:24.833
24	9	15	Wassup	2025-09-16 02:45:31.096	2025-09-16 02:45:31.096
25	6	4	hello o i lpove	2025-10-09 05:47:39.076	2025-10-09 05:47:39.076
26	13	4	x=1	2025-10-09 05:48:51.66	2025-10-09 05:48:51.66
\.


--
-- Data for Name: forum_likes; Type: TABLE DATA; Schema: public; Owner: postgres
--

COPY public.forum_likes (id, forum_id, user_id, created_at, updated_at) FROM stdin;
1	5	3	2025-09-14 06:49:09.526	2025-09-14 06:49:09.526
4	9	1	2025-09-14 07:16:25.62	2025-09-14 07:16:25.62
6	8	1	2025-09-14 07:17:27.209	2025-09-14 07:17:27.209
8	7	1	2025-09-14 07:18:06.848	2025-09-14 07:18:06.848
10	6	1	2025-09-14 07:20:33.59	2025-09-14 07:20:33.59
18	10	1	2025-09-14 12:45:47.817	2025-09-14 12:45:47.817
20	3	1	2025-09-14 12:51:54.172	2025-09-14 12:51:54.172
24	5	1	2025-09-16 01:17:57.639	2025-09-16 01:17:57.639
26	6	4	2025-09-16 01:48:40.498	2025-09-16 01:48:40.498
30	15	1	2025-09-16 02:14:30.879	2025-09-16 02:14:30.879
\.


--
-- Data for Name: forum_medias; Type: TABLE DATA; Schema: public; Owner: postgres
--

COPY public.forum_medias (id, forum_id, url, url_for_deletion, created_at, updated_at, media_type) FROM stdin;
1	1	https://pub-92b72a731f7641aba0ab9d1897016909.r2.dev/1-0cb1a888-8dad-48a9-9256-6b3a9a93bb5c-the-quadratic-formula-for-the-practice-problems-with-answers-1024x655.webp	1-0cb1a888-8dad-48a9-9256-6b3a9a93bb5c-the-quadratic-formula-for-the-practice-problems-with-answers-1024x655.webp	2025-09-14 06:11:35.296	2025-09-14 06:11:35.296	image
2	2	https://pub-92b72a731f7641aba0ab9d1897016909.r2.dev/2-3d250cdf-bf5d-4671-a34d-0dce1a36066d-GettyImages-713784033-5962f27b3df78cdc68bb2b6d.jpg	2-3d250cdf-bf5d-4671-a34d-0dce1a36066d-GettyImages-713784033-5962f27b3df78cdc68bb2b6d.jpg	2025-09-14 06:15:31.749	2025-09-14 06:15:31.749	image
3	3	https://pub-92b72a731f7641aba0ab9d1897016909.r2.dev/3-ecb51160-8b6a-4a1e-a4f4-c12e091e5449-anoushka-puri-f1YfrZ1o2r8-unsplash.jpg	3-ecb51160-8b6a-4a1e-a4f4-c12e091e5449-anoushka-puri-f1YfrZ1o2r8-unsplash.jpg	2025-09-14 06:36:56.209	2025-09-14 06:36:56.209	image
4	3	https://pub-92b72a731f7641aba0ab9d1897016909.r2.dev/3-5fd48255-c8ac-416b-8d53-1dde08417a20-thomas-t-OPpCbAAKWv8-unsplash.jpg	3-5fd48255-c8ac-416b-8d53-1dde08417a20-thomas-t-OPpCbAAKWv8-unsplash.jpg	2025-09-14 06:36:57.88	2025-09-14 06:36:57.88	image
5	4	https://pub-92b72a731f7641aba0ab9d1897016909.r2.dev/4-7a5d9cc6-b2f3-4991-8357-af66edf32574-artturi-jalli-gYrYa37fAKI-unsplash.jpg	4-7a5d9cc6-b2f3-4991-8357-af66edf32574-artturi-jalli-gYrYa37fAKI-unsplash.jpg	2025-09-14 06:38:05.277	2025-09-14 06:38:05.277	image
6	4	https://pub-92b72a731f7641aba0ab9d1897016909.r2.dev/4-7ab8dc7a-30f9-4296-b9c4-3ef19d6c8859-antoine-dautry-05A-kdOH6Hw-unsplash.jpg	4-7ab8dc7a-30f9-4296-b9c4-3ef19d6c8859-antoine-dautry-05A-kdOH6Hw-unsplash.jpg	2025-09-14 06:38:06.432	2025-09-14 06:38:06.432	image
8	7	https://pub-92b72a731f7641aba0ab9d1897016909.r2.dev/7-926f3544-6404-4cfe-b20e-5d88a1759a06-Untitled.png	7-926f3544-6404-4cfe-b20e-5d88a1759a06-Untitled.png	2025-09-14 07:00:38.455	2025-09-14 07:00:38.455	image
9	8	https://pub-92b72a731f7641aba0ab9d1897016909.r2.dev/8-48129d97-20f0-4112-bd65-969c582dddcb-Untitled.png	8-48129d97-20f0-4112-bd65-969c582dddcb-Untitled.png	2025-09-14 07:01:45.033	2025-09-14 07:01:45.033	image
10	9	https://pub-92b72a731f7641aba0ab9d1897016909.r2.dev/9-c8198af1-8787-4776-a6fb-4f15392e3906-sdfsdf.png	9-c8198af1-8787-4776-a6fb-4f15392e3906-sdfsdf.png	2025-09-14 07:03:17.812	2025-09-14 07:03:17.812	image
13	12	https://pub-92b72a731f7641aba0ab9d1897016909.r2.dev/12-4f3cc4ef-ef59-4bfe-b0d4-bfa56dc79140-anoushka-puri-f1YfrZ1o2r8-unsplash.jpg	12-4f3cc4ef-ef59-4bfe-b0d4-bfa56dc79140-anoushka-puri-f1YfrZ1o2r8-unsplash.jpg	2025-09-14 13:30:13.854	2025-09-14 13:30:13.854	image
14	12	https://pub-92b72a731f7641aba0ab9d1897016909.r2.dev/12-a2f813fd-7407-498f-9392-a00e0d664ad2-artturi-jalli-gYrYa37fAKI-unsplash.jpg	12-a2f813fd-7407-498f-9392-a00e0d664ad2-artturi-jalli-gYrYa37fAKI-unsplash.jpg	2025-09-14 13:30:19.489	2025-09-14 13:30:19.489	image
15	13	https://pub-92b72a731f7641aba0ab9d1897016909.r2.dev/13-763264cd-4504-42b2-abf2-f78b67947db5-artturi-jalli-gYrYa37fAKI-unsplash.jpg	13-763264cd-4504-42b2-abf2-f78b67947db5-artturi-jalli-gYrYa37fAKI-unsplash.jpg	2025-09-14 14:06:05.487	2025-09-14 14:06:05.487	image
20	15	https://pub-92b72a731f7641aba0ab9d1897016909.r2.dev/15-4001721e-900b-43aa-9cf8-ce73e84582df-IMG_6865.jpeg	15-4001721e-900b-43aa-9cf8-ce73e84582df-IMG_6865.jpeg	2025-09-16 02:02:25.573	2025-09-16 02:02:25.573	image
21	6	https://pub-92b72a731f7641aba0ab9d1897016909.r2.dev/6-07ced9eb-ae2e-469b-9e24-8b4d7a524138-successful-graduation-university-smiling-beautiful-600nw-2246900309.webp	6-07ced9eb-ae2e-469b-9e24-8b4d7a524138-successful-graduation-university-smiling-beautiful-600nw-2246900309.webp	2025-09-27 05:38:44.755	2025-09-27 05:38:44.755	image
23	10	https://pub-92b72a731f7641aba0ab9d1897016909.r2.dev/10-40e88c29-fe69-4072-b3af-56b0afc32c68-successful-graduation-university-smiling-beautiful-600nw-2246900309.webp	10-40e88c29-fe69-4072-b3af-56b0afc32c68-successful-graduation-university-smiling-beautiful-600nw-2246900309.webp	2025-09-27 05:41:32.081	2025-09-27 05:41:32.081	image
\.


--
-- Data for Name: forum_replies; Type: TABLE DATA; Schema: public; Owner: postgres
--

COPY public.forum_replies (id, forum_comment_id, user_id, description, created_at, updated_at) FROM stdin;
1	1	3	មានតែស្នេហា❤️	2025-09-14 07:13:54.026	2025-09-14 07:13:54.026
2	1	3	មានតែស្នេហា❤️	2025-09-14 07:13:55.421	2025-09-14 07:13:55.421
3	1	3	មានតែស្នេហា❤️	2025-09-14 07:13:55.67	2025-09-14 07:13:55.67
4	1	3	មានតែស្នេហា❤️	2025-09-14 07:13:55.741	2025-09-14 07:13:55.741
5	1	3	មានតែស្នេហា❤️	2025-09-14 07:13:56.777	2025-09-14 07:13:56.777
6	1	3	មើលម្តងទៀតក៏មិនធុញ😇	2025-09-14 07:16:32.944	2025-09-14 07:16:32.944
7	8	1	មិនអាចពិពណ៌នាបានទេ😍	2025-09-14 07:16:34.592	2025-09-14 07:16:34.592
8	16	1	Yes i agree brother	2025-09-14 07:26:10.42	2025-09-14 07:26:10.42
9	2	3	មើលម្តងទៀតក៏មិនធុញ😇	2025-09-14 07:29:55.126	2025-09-14 07:29:55.126
10	2	3	@Sao Visal មានតែស្នេហា❤️	2025-09-14 07:30:06.298	2025-09-14 07:30:06.298
11	2	3	@Sao Visal មានតែស្នេហា❤️	2025-09-14 07:30:07.247	2025-09-14 07:30:07.247
12	3	3	មានតែស្នេហា❤️	2025-09-14 07:31:17.344	2025-09-14 07:31:17.344
13	3	3	មានតែស្នេហា❤️	2025-09-14 07:31:23.585	2025-09-14 07:31:23.585
14	4	3	មានតែស្នេហា❤️	2025-09-14 07:32:02.697	2025-09-14 07:32:02.697
15	4	3	@Sao Visal មានតែស្នេហា❤️	2025-09-14 07:32:08.885	2025-09-14 07:32:08.885
16	4	3	@Sao Visal មានតែស្នេហា❤️	2025-09-14 07:32:09.886	2025-09-14 07:32:09.886
17	21	4	shut up	2025-10-09 05:47:52.387	2025-10-09 05:47:52.387
18	21	4	shut up	2025-10-09 05:47:54.787	2025-10-09 05:47:54.787
\.


--
-- Data for Name: forum_reply_likes; Type: TABLE DATA; Schema: public; Owner: postgres
--

COPY public.forum_reply_likes (id, forum_reply_id, user_id, created_at, updated_at) FROM stdin;
1	7	1	2025-09-14 07:16:41.95	2025-09-14 07:16:41.95
2	8	1	2025-09-14 07:26:14.518	2025-09-14 07:26:14.518
3	1	1	2025-09-14 12:46:38.847	2025-09-14 12:46:38.847
\.


--
-- Data for Name: forum_reply_medias; Type: TABLE DATA; Schema: public; Owner: postgres
--

COPY public.forum_reply_medias (id, forum_reply_id, url, url_for_deletion, media_type, created_at, updated_at) FROM stdin;
\.


--
-- Data for Name: forums; Type: TABLE DATA; Schema: public; Owner: postgres
--

COPY public.forums (id, user_id, title, description, view_count, type, topic, created_at, updated_at) FROM stdin;
2	1	តើកម្លាំងនិងចលនាដើរទៅកាន់គ្នាយ៉ាងដូចម្តេច?	សិស្សជាច្រើនមានការលំបាកក្នុងការយល់ច្បាស់ពីច្បាប់ទីពីររបស់ Newton។ \r\nបើវត្ថុមានម៉ាស $$m = 2kg$$ ហើយល្បឿនបង្កើនក្នុងរយៈពេល $$t=4s$$ \r\nដោយមានអាឡាក់សេលារេស្យុង $$a=3 \\frac{m}{s^2}$$ \r\n\r\nតើកម្លាំងសុទ្ធ = $$$$F = ma$$$$ គឺប៉ុន្មាន? \r\n\r\n<br>	0	discussion	general	2025-09-14 06:15:30.309	2025-09-14 06:15:30.309
5	1	តើយល់ដឹងអំពី derivative អាចជួយយើងក្នុងជីវិតប្រចាំថ្ងៃដូចម្តេច?	ឧទាហរណ៍៖ កំណត់អត្រាការប្រែប្រួល \r\n$$$$f(x) = x^2 \\quad \\Rightarrow \\quad f'(x) = 2x$$$$ \r\nតើអ្នកឃើញវាមានការប្រើប្រាស់នៅក្នុងសេដ្ឋកិច្ច ឬរូបវិទ្យា យ៉ាងដូចម្តេច?	10	discussion	general	2025-09-14 06:38:42.738	2025-09-29 05:48:34.182671
1	1	តើអ្នកដោះស្រាយសមីការ Quadratic ដូចម្តេច?	សមីការ៖ $$$$x^2 - 3x + 2 = 0$$$$ \r\nតើអ្នកប្រើវិធីណា? (factor, quadratic formula, completing square?) \r\nចែកចំលើយ និងដំណាក់កាលដោះស្រាយ។	1	discussion	general	2025-09-14 06:11:33.685	2025-10-01 04:50:30.729947
6	3	តើមានកម្លាំងប៉ុន្មានក្នុងការប្រទះជញ្ជាំង?	បើរថយន្តមានម៉ាស $$m=1000kg$$ បើកល្បឿន\r\n$$v=20 \\frac{m}{s}$$ បន្ទាប់មកបុកជញ្ជាំងនិងឈប់ភ្លាមៗ។\r\nតើថាមពលចលករ៖\r\n$$$$\r\nបាត់បង់ទៅណា? តើវាក្លាយជាកម្ដៅ សំឡេង ឬខូចទ្រង់ទ្រាយ?	100	discussion	general	2025-09-14 06:59:08.847	2025-10-09 05:47:21.849217
16	16	testing	hello all nob	4	discussion	general	2025-10-09 09:33:43.577	2025-10-09 09:34:16.850451
4	1	តើហេតុអ្វី Mendel ជាសំខាន់ក្នុងជីវវិទ្យា?	ក្នុងការសិក្សាពូជ Pisum sativum (សណ្តែក) Mendel បានរកឃើញច្បាប់ \r\n$$$$(\\text{Segregation})$$$$និង$$$$(\\text{Independent Assortment})$$$$ \r\nតើច្បាប់ទាំងនេះនៅតែអាចយកមកអនុវត្តសម្រាប់ករណីមនុស្សឬទេ?	2	discussion	general	2025-09-14 06:38:03.96	2025-09-14 12:51:42.486399
8	3	តើអ្នកមានគន្លឹះណាដើម្បីរៀនទុកចិត្តបាន?	ខ្លះប្រាប់ថា ការសរសេរកំណត់ហេតុ ជួយចងចាំល្អ។ \r\nខ្លះទៀតប្រាប់ថា ប្រើ flashcards ដើម្បីចងចាំទ្រឹស្តី។ \r\nតើអ្នកទាំងអស់គ្នាមានរបៀបណាដើម្បីរៀនមួយមុខសិក្សាដែលពិបាក? \r\nឧទាហរណ៍៖ សិក្សា formulas ដូចជា \r\n$$$$a^2 + b^2 = c^2$$$$	7	discussion	general	2025-09-14 07:01:43.801	2025-09-15 14:50:43.814061
12	1	តើយើងត្រូវរៀនរបៀបមុិចទើបបាននិទ្ទេស A?	### ***សួស្ដីអ្នកទាំងអស់គ្នា***\r\n\r\n### \r\n\r\n**តើយើងដោះស្រាយវារបៀបមុិច?**\r\n\r\n$$\\int_0^{\\infty}x^{n-1}\\,dx+\\lim_{x\\rightarrow\\ln\\mathrm{e}}\\frac{x\\cdot\\int_0^{\\infty}n\\,dx}{8x}$$\r\n\r\n* Thank you\r\n* Have a blessed day	5	discussion	general	2025-09-14 13:30:10.911	2025-09-15 19:02:28.778126
17	16	tetsing	$$asdfghj$$\r\n\r\ntesting	12	discussion	general	2025-10-09 09:41:30.748	2025-10-09 09:42:08.454757
7	3	តើមានរបៀបងាយក្នុងការគណនាកម្រិត pH?	ឧទាហរណ៍៖ ការរំលាយជាតិអាស៊ីត \r\n[H+] = $$$$1 \\times 10^{-4}$$$$ \r\nតើអ្នកទាំងអស់គ្នាគិតថា pH គឺ…? \r\nតើមានគន្លឹះណាដែលងាយស្រួលក្នុងការចងចាំ log scale?	4	discussion	general	2025-09-14 07:00:37.645	2025-09-14 09:12:38.469017
15	4	Biology problem	How can you guy influence at biology subjects?	4	discussion	general	2025-09-16 02:01:08.917	2025-09-16 02:03:01.744955
10	3	តើអ្នករកកម្លាំងចិត្តរៀនពីណា?	នៅពេលខ្លះយើងធុញរៀន ឬពិបាកចិត្ត។\r\nតើអ្នកមានគន្លឹះ ឬការលើកទឹកចិត្តដើម្បីបន្តទៀតទេ?\r\nបើសិនជាមេរៀនគណិតវិទ្យាមាន $$100$$ សមីការ តើអ្នកដោះស្រាយដោយវិធីណា?	31	discussion	general	2025-09-14 07:04:21.801	2025-09-28 06:41:32.960281
9	3	តើមានសមីការចុងក្រោយក្នុងការគណនាភាពជោគជ័យឬបរាជ័យ?	បើអ្នកបោះឆាយ ២ដង តើប្រូបាប៊ីលីតេនៃការទទួលបាន $$6$$ ពីយ៉ាងហោចណាស់មួយដង = ? \r\nឧទាហរណ៍៖ \r\n$$$$P(\\text{at least one 6}) = 1 - P(\\text{no 6})$$$$	12	discussion	general	2025-09-14 07:03:16.982	2025-09-28 06:41:37.822978
3	1	តើអ្នកចងចាំរបៀបតុល្យភាពសមីការគីមីយ៉ាងដូចម្តេច?	ឧទាហរណ៍៖ \r\n$$$$Fe + O_2 \\rightarrow Fe_2O_3$$$$ \r\nតើអ្នកប្រើវិធី systematic balancing ឬប្រើការសាកល្បង? \r\nខ្ញុំឯងតែងតែភ្លេចគន្លឹះ។	2	discussion	general	2025-09-14 06:36:55.253	2025-09-14 12:30:08.486085
13	1	រូបមន្តគណិតវិទ្យា	# 💬 វេទិកា៖ រូបមន្តគណិតវិទ្យា  \r\n\r\n## 📌 សេចក្តីពិពណ៌នា\r\nវេទិកានេះត្រូវបានបង្កើតឡើងសម្រាប់សិស្សនិងអ្នកចូលចិត្តគណិតវិទ្យា ដើម្បីចែករំលែក **រូបមន្តគណិតវិទ្យា** និងការប្រើប្រាស់វានៅក្នុងជីវិតប្រចាំថ្ងៃ។  \r\nនៅទីនេះ អ្នកអាចសួរ សរសេរ ឬចែករំលែកនូវ **ការគណនាដែលពិបាកៗ** ដូចជា Algebra, Geometry, Calculus និង Statistics។  \r\n\r\n---\r\n\r\n## ✏️ មាតិកា\r\n**1. Algebra (ជាឧទាហរណ៍):**  \r\n\r\nរូបមន្តសមីការ quadratic:  \r\n\r\n$$x = \\frac{-b \\pm \\sqrt{b^2 - 4ac}}{2a}$$  \r\n\r\n**2. Geometry:**  \r\n\r\nរូបមន្តផ្ទៃមូល:  \r\n\r\n$$A = \\pi r^2$$  \r\n\r\n**3. Trigonometry:**  \r\n\r\nរូបមន្តសំខាន់ៗ:  \r\n\r\n$$\\sin^2\\theta + \\cos^2\\theta = 1$$  \r\n\r\n**4. Calculus:**  \r\n\r\nដេរីវេទីវនៃអនុគមន៍ exponential:  \r\n\r\n$$\\frac{d}{dx} e^x = e^x$$  \r\n\r\nអាំងតេក្រាលនៃ sine:  \r\n\r\n$$\\int \\sin(x), dx = -\\cos(x) + C$$	8	discussion	general	2025-09-14 14:06:01.619	2025-10-09 05:48:39.558051
\.


--
-- Data for Name: grades; Type: TABLE DATA; Schema: public; Owner: postgres
--

COPY public.grades (id, grade, grade_khmer) FROM stdin;
1	grade-12	ថ្នាក់ទី១២
2	grade-11	ថ្នាក់ទី១១
3	grade-10	ថ្នាក់ទី១០
4	grade-9	ថ្នាក់ទី៩
\.


--
-- Data for Name: lessons; Type: TABLE DATA; Schema: public; Owner: postgres
--

COPY public.lessons (id, lesson, title, english_title, icon, subject_id) FROM stdin;
1	Complex	កុំផ្លិច	Complex	Target	1
2	limits	លីមីត	Limits	Target	1
3	derivatives	ដេរីវេ	Derivatives	FunctionSquare	1
4	integration	អាំងតេក្រាល	Integration	Variable	1
5	diffential-equations	សមីការឌីផេរ៉ង់សែ្យល	Differential-Equations	Box	1
6	Probability	ប្រូបាប	Probability	Box	1
7	vectors	វ៉ិចទ័រ	Vectors	Box	1
8	Conics	កោនិក	Conics	Box	1
9	Functions	អនុគមន៍	Functions	Box	1
10	thermodynamics	ទែម៉ូឌីណាមិច	Thermodynamics	Atom	2
11	waves	រលក	Waves	Atom	2
12	electricityMagnetism	អគ្គិសនី និងម៉ាញេទិច	ElectricityMagnetism	Atom	2
13	ChemicalKinetics	សុីនេទិចគីមី	ChemicalKinetics	FlaskConical	3
14	aqueous_solution_intermolecular	សមាសធាតុសូលូស្យុងក្នុងទឹកនិង កម្លាំងអន្តរម៉ូលេគុល	AqueousSolutionsandIntermolecularForces	FlaskConical	3
15	acid_base	អាសុីត បាស	Acid-Base	FlaskConical	3
16	chemical_equilibrium	លំនឹងគីមី	ChemicalEquilibrium	FlaskConical	3
17	organic_chemistry	គីមីសរីរាង្គ	OrganicChemistry	FlaskConical	3
18	gymnosperms	ស៊ីមណូស្ពែម	Gymnosperms	Leaf	4
19	angiosperms	អង់ស្យូស្ពែម	Angiosperms	Flower2	4
20	nervous-system	តម្រូវប្រសាទ	Medicine and Nervous System	Brain	4
21	sensory-organs	សរីរាង្គវិញ្ញាណ	Sensory Organs	Eye	4
22	endocrine-system	ប្រពន្ធ័អង់ដូគ្រីន	Endocrine System	Activity	4
23	amino-acid	អាសុីតអាមីណេ	Amino Acid	Atom	4
24	protein	ប្រូតេអុីន	Protein	Beaker	4
25	enzymes	អង់សុីម	Enzymes	Microscope	4
26	dna	ADN ជាទម្រព័ត៏មានសេនេទិច	DNA	Dna	4
27	gene	ការសម្ដែងចេញនៃសែន	Gene Expression	Activity	4
28	bio-technology	បច្ចេកវិទ្យាជីវ	Bio Technology	Lightbulb	4
29	darwin-theory	ទ្រិស្ដីលោកដាវីន	Darwin Theory	Search	4
30	fossil	កំណត់ត្រាផូសុីល	Fossil	FlaskConical	4
31	sequences	ស្មូត	Sequences	TrendingUp	5
32	exponential-logarithmic-functions	អនុគមន៍អិចស្ប៉ូណង់ស្យែលនិងអនុគមន៍លោការីត	Exponential Functions and Logarithmic Functions	FunctionSquare	5
33	trigonometric-functions	អនុគមន៍ត្រីកោណមាត្រ	Trigonometric Functions	Square	5
34	matrices-determinants	ម៉ាទ្រីសនិងដេទែរមីណង់	Matrices and Determinants	BarChart3	5
35	limits-derivatives	លីមីតនិងដេរីវេ	Limits and Derivatives	Infinity	5
36	probability	ប្រូបាប	Probability	Percent	5
37	statistics	ស្ថិតិ	Statistics	PieChart	5
38	mechanics	មេកានិច	Mechanics	Zap	6
39	thermodynamics	ទែម៉ូឌីណាមិច	Thermodynamics	Thermometer	6
40	waves	រលក	Waves	Waves	6
41	electricity	អគ្គិសនី	Electricity	Lightbulb	6
42	chemical-calculations	ការគណនាក្នុងគីមី	Chemical-Calculations	Calculator	7
43	metals	លោហៈ	Metals	Beaker	7
44	oxidation-reduction-electrochemistry	អុកស៊ីតកម្ម រេដុកម្ម និងអេឡិចត្រូគីមី	Oxidation-Reduction-and-Electrochemistry	Atom	7
45	chemical-reactions-energy	ប្រតិកម្មគីមីនិងថាមពល	Chemical-Reactions-and-Energy	ThermometerSun	7
46	inorganic-compounds	សមាសធាតុអសរីរាង្គ	Inorganic-Compounds	FlaskRound	7
47	stereochemistry	ស្តេរ៉េអូគីមី	Stereochemistry	Shapes	7
48	organic-chemistry	គីមីសរីរាង្គ	Organic-Chemistry	Flame	7
49	cells	កោសិកា	Cells	Microscope	8
50	reproduction-growth	ការបន្តពូជនិងការលូតលាស់	Reproduction-and-Growth	Baby	8
51	heredity	តំណពូជ	Heredity	Dna	8
52	human-nutrition-digestion	អាហារនិងការរំលាយអាហាររបស់មនុស្ស	Human-Nutrition-and-Digestion	Utensils	8
53	gas-exchange-excretion-animals	បណ្តូរឧស្ម័ននិងការបញ្ចេញចោលរបស់សត្វ	Gas-Exchange-and-Excretion-in-Animals	Wind	8
54	interaction-organisms-environment	ប្រតិកម្មរវាងសត្វនិងមជ្ឈដ្ឋា	Interaction-between-Organisms-and-Environment	Globe	8
55	structure-vascular-plants	រូបផ្គុំរុក្ខជាតិមានសរសៃនាំ	Structure-of-Vascular-Plants	Sprout	8
56	biology-health	ជីវវិទ្យានិងសុខភាព	Biology-and-Health	HeartPulse	8
57	logic-sets-numbers	តក្កវិទ្យា សំណុំនិងចំនួន	Logic-Sets-and-Numbers	Brain	9
58	polynomials	ពហុធា	Polynomials	Square	9
59	equations-inequalities	សមីការនិងវិសមីការ	Equations-and-Inequalities	FunctionSquare	9
60	plane-geometry	ធរណីមាត្រក្នុងប្លង់	Plane-Geometry	Circle	9
61	functions-function-graphs	អនុគមន៍និងក្រាបអនុគមន៍	Functions-and-Function-Graphs	Target	9
62	trigonometric-ratios	ផលធៀបត្រីកោណមាត្រ	Trigonometric-Ratios	Triangle	9
63	statistics	ស្ថិតិ	Statistics	BarChart3	9
64	permutations-combinations	ចម្លាស់និងបន្សំ	Permutations-and-Combinations	Hash	9
65	vectors-plane	វ៉ិចទ័រក្នុងប្លង់	Vectors-in-a-Plane	ArrowRight	9
66	geometric-transformations-plane	បំលែងរូបក្នុងប្លង់	Geometric-Transformations-in-a-Plane	RotateCcw	9
67	geometry-space	ធរណីមាត្រក្នុងលំហ	Geometry-in-Space	Box	9
68	mechanics	មេកានិច	Mechanics	Zap	10
69	thermodynamics	ទែម៉ូឌីណាមិច	Thermodynamics	Flame	10
70	electricity-magnetism	អគ្គិសនីនិងម៉ាញេទិច	Electricity-and-Magnetism	Battery	10
71	optics	អុបទិច	Optics	Eye	10
72	energy-life	ថាមពល និងជីវិត	Energy-and-Life	Atom	10
73	atom	តាតូម	Atom	Atom	11
74	periodic-table-chemical-elements	តារាងខួបនៃធាតុគីមី	Periodic-Table-of-Chemical-Elements	Table	11
75	chemical-bonds-solid-structures	សម្ព័ន្ធគីមីនិងទម្រង់អង្គធាតុរឹង	Chemical-Bonds-and-Solid-Structures	Link	11
76	organic-chemistry	គីមីសរីរាង្គ	Organic-Chemistry	Leaf	11
77	diversity-living-organisms	នានាភាពនៃភាវៈរស់	Diversity-of-Living-Organisms	Leaf	12
78	uniformity-living-organisms	ឯកសណ្ឋានភាពនៃភាវៈរស់	Uniformity-of-Living-Organisms	Dna	12
79	metabolism	មេតាបូលីស	Metabolism	FlaskConical	12
80	human-biology	ជីវវិទ្យាមនុស្ស	Human-Biology	User	12
81	biology-agriculture	ជីវវិទ្យាក្នុងវិស័យកសិកម្ម	Biology-in-Agriculture	Sprout	12
82	irrational-numbers	ចំនួនអសនិទាន	Irrational-Numbers	Hash	13
83	proportion	សមាមាត្រ	Proportion	Percent	13
84	algebraic-expressions	កន្សោមពីជគណិត	Algebraic-Expressions	X	13
85	first-degree-equation-one-unknown	សមីការដឺក្រេទី 1 មានមួយអញ្ញាត	First-Degree-Equation-With-One-Unknown	Minus	13
86	first-degree-inequality-one-unknown	វិសមីការដឺក្រេទី 1 មានមួយអញ្ញាត	First-Degree-Inequality-With-One-Unknown	Minus	13
87	frequency-distribution	បំណែងចែកប្រេកង់	Frequency-Distribution	PieChart	13
88	statistical-mean	មធ្យមស្ថិតិ	Statistical-Mean	TrendingUp	13
89	probability	ប្រូបាប	Probability	Dice1	13
90	distance-between-two-points	ចម្ងាយរវាងពីរចំណុច	Distance-Between-Two-Points	MapPin	13
91	equation-of-line	សមីការនៃបន្ទាត់	Equation-of-a-Line	LineChart	13
92	system-first-degree-equations-two-unknowns	ប្រព័ន្ធសមីការដឺក្រេទី 1 មានពីរអញ្ញាត	System-of-First-Degree-Equations-With-Two-Unknowns	X	13
93	pythagorean-theorem	ទ្រឹស្តីបទពីតាគ័រ	Pythagorean-Theorem	Triangle	13
94	circle-and-line	រង្វង់និងបន្ទាត់	Circle-and-Line	Circle	13
95	properties-angles-circle	លក្ខណៈមុំនៃរង្វង់	Properties-of-Angles-in-a-Circle	Circle	13
96	thales-theorem	ទ្រឹស្តីបទតាលែស	Thales-Theorem	Triangle	13
97	similar-triangles	ត្រីកោណដូចគ្នា	Similar-Triangles	Triangle	13
98	polygon	ពហុកោណ	Polygon	Square	13
99	solids	សូលីត	Solids	Box	13
100	force-rotation-physics	ផលរង្វិលនៃកម្លាំង	Force-Rotation-Physics	Zap	14
101	simple-machines	ម៉ាស៊ីនងាយ	Simple-Machines	Cog	14
102	pressure	សម្ពាធ	Pressure	Battery	14
103	electricity-magnetism	អគ្គិសនីនិងម៉ាញេទិច	Electricity-and-Magnetism	Magnet	14
104	optics	អុបទិច	Optics	Eye	14
105	periodic-table-chemical-elements	តារាងខួបនៃធាតុគីមី	Periodic-Table-of-Chemical-Elements	Table	15
106	carbon-oxygen-hydrogen	កាបួន អុកស៊ីសែន និងអ៊ីដ្រូសែន	Carbon-Oxygen-and-Hydrogen	Atom	15
107	water-air	ទឹកនិងខ្យល់	Water-and-Air	Beaker	15
108	photosynthesis	រស្មីសំយោគ	Photosynthesis	Leaf	16
109	nervous-system	ប្រព័ន្ធប្រសាទ	Nervous-System	Brain	16
110	immune-system	ប្រព័ន្ធស៊ាំ	Immune-System	Shield	16
111	ecosystem	បរិស្ថានវិទ្យា	Ecosystem	Globe	16
112	health-hygiene	សុខភាពនិងអនាម័យ	Health-and-Hygiene	Bug	16
\.


--
-- Data for Name: questions; Type: TABLE DATA; Schema: public; Owner: postgres
--

COPY public.questions (id, exercise_id, user_id, title, question_type, section, image_url, created_at, updated_at) FROM stdin;
245	14	\N	គេឲ្យនិយមន័យដេរីវេ៖\n\n\n$$f	multiple_choice	និយមន័យដេរីវេ	\N	\N	\N
246	15	\N	គណនា​ដេរីវេ៖\n\n\n$$\\dfrac{d}{dx}(x^3)$$	multiple_choice	រូបមន្តដេរីវេ	\N	\N	\N
247	16	\N	គណនា​ដេរីវេតាមនិយមន័យ៖\n\n\n	multiple_choice	ដេរីវេពីជគណិត	\N	\N	\N
248	17	\N	គណនា​ដេរីវេ៖\n\n\n$$\\dfrac{d}{dx}(\\sin x)$$	multiple_choice	ដេរីវេអនុគមន៍ត្រីកោណមាត្រ	\N	\N	\N
249	18	\N	គណនា​ដេរីវេ៖\n\n\n$$\\dfrac{d}{dx}(e^{x})$$	multiple_choice	ដេរីវេអនុគមន៍អុិចស្បូណង់ស្យែល	\N	\N	\N
250	19	\N	គណនា​ដេរីវេ៖\n\n\n$$\\dfrac{d}{dx}(\\ln x)$$	multiple_choice	ដេរីវេឡូការីតនេពែ	\N	\N	\N
251	20	\N	គណនា​ដេរីវេលំដាប់ទី ២៖\n\n\n$$f(x)=x^3 \\;\\Rightarrow\\; f'(x)=?$$	multiple_choice	ដេរីវេឡូលំដាប់ខ្ពស់	\N	\N	\N
252	21	\N	និយមន័យអាំងតេក្រាលមិនកំណត់៖\n\n\n$$\\dfrac{d}{dx}\\big(\\int f(x)\\,dx\\big)=f(x)$$	multiple_choice	និយមន័យអាំងតេក្រាល	\N	\N	\N
253	22	\N	គណនា​អាំងតេក្រាល៖\n\n\n$$\\int x^2\\,dx$$	multiple_choice	រូបមន្តអាំងតេក្រាល	\N	\N	\N
254	23	\N	គណនា​អាំងតេក្រាល៖\n\n\n$$\\int e^{x}\\,dx$$	multiple_choice	អាំងតេក្រាលមិនកំណត់	\N	\N	\N
255	24	\N	គណនា៖\n\n\n$$\\int_{0}^{1} x\\,dx$$	multiple_choice	អាំងតេក្រាលកំណត់	\N	\N	\N
256	25	\N	សមីការឌីផេរ៉ង់សែ្យលលំដាប់ទីមួយទូទៅ៖\n\n\n$$	multiple_choice	និយមន័យ	\N	\N	\N
257	26	\N	ដោះស្រាយ៖\n\n\n	multiple_choice	លីនេអ៊ែរ​កម្រិត១	\N	\N	\N
258	27	\N	ដោះស្រាយ៖\n\n\n$$y' - y = 0$$	multiple_choice	លំដាប់២​មេគុណថេរ	\N	\N	\N
259	28	\N	រាងដាច់ខាត៖\n\n$$	multiple_choice	ទូទៅ​មេគុណថេរ	\N	\N	\N
260	29	\N	សមីការបំបែកអថេរ៖\n\n\n	multiple_choice	ទម្រង់ផ្សេងៗ	\N	\N	\N
261	30	\N	គោលការណ៍បូក-គុណ៖\n\n\nចំនួនវិធីសាស្រ្តសរុបគឺបូក ឬគុណតាមស្ថានភាព	multiple_choice	គោលការណ៍របាប់	\N	\N	\N
262	31	\N	ប្រូបាបនៃព្រឹត្តការណ៍ A ៖\n\n\n$$P(A)=\\dfrac{|A|}{|\\Omega|}$$	multiple_choice	និយមន័យប្រូបាប	\N	\N	\N
263	32	\N	រូបមន្តចម្លាស់៖\n\n\n$$P(n,r)=\\dfrac{n!}{(n-r)!}$$	multiple_choice	ចម្លាស់	\N	\N	\N
264	33	\N	រូបមន្តបន្សំ៖\n\n\n$$C(n,r)=\\dfrac{n!}{r!(n-r)!}$$	multiple_choice	បន្សំ	\N	\N	\N
265	34	\N	រូបមន្តសំណុំ៖\n\n\n$$P(A\\cup B)=P(A)+P(B)-P(A\\cap B)$$	multiple_choice	ព្រឹត្តការណ៍សមាស	\N	\N	\N
266	35	\N	វ៉ិចទ័រមានទំហំ និងទិស	multiple_choice	និយមន័យវ៉ិចទ័រ	\N	\N	\N
9	5	1	What is 2 + 2?				2025-09-14 17:13:58.723	2025-09-14 17:13:58.723
267	36	\N	គេឲ្យ $$\\vec{a}=(x,y)$$។ ម៉ូឌុល $$|\\vec{a}|=\\sqrt{x^2+y^2}$$	multiple_choice	កូអរដោនេ	\N	\N	\N
268	37	\N	ផ្ទៃក្រឡាត្រីកោណមានមូលដ្ឋាន b កម្ពស់ h៖\n\n\n$$S=\\dfrac{1}{2}bh$$	multiple_choice	ផ្ទៃក្រឡា	\N	\N	\N
269	38	\N	មាឌប្លុក $$a\\times b\\times c$$៖\n\n\n$$V=abc$$	multiple_choice	មាឌ	\N	\N	\N
270	39	\N	សមីការបន្ទាត់ក្នុងលំហ 2D៖\n\n\n$$ax+by+c=0$$	multiple_choice	សមីការ	\N	\N	\N
271	40	\N	កោនិកជាសំណុំចំណុចដែលសមាមាត្រចម្ងាយពី focus និង directrix មានថេរ e	multiple_choice	និយមន័យកោនិក	\N	\N	\N
272	41	\N	សមីការប៉ារ៉ាបូលស្តង់ដារ៖\n\n\n$$y^2=4ax$$	multiple_choice	ប៉ារ៉ាបូល	\N	\N	\N
273	42	\N	សមីការ៖\n\n\n$$\\dfrac{x^2}{a^2}+\\dfrac{y^2}{b^2}=1$$	multiple_choice	អេលីប	\N	\N	\N
274	43	\N	សមីការ៖\n\n\n$$\\dfrac{x^2}{a^2}-\\dfrac{y^2}{b^2}=1$$	multiple_choice	អុីពែបូល	\N	\N	\N
5	3	3	តើលេខណាដែលមកបន្ទាប់?\n\n2, 4, 8, 16, …				2025-09-14 14:05:19.22	2025-09-14 20:20:29.295609
6	3	3	បើផ្ការីសទាំងអស់គឺផ្កា ហើយផ្កាខ្លះៗឆាប់ស្រទាប់ តើប្រយោគណាដែលត្រឹមត្រូវ?បើផ្ការីសទាំងអស់គឺផ្កា ហើយផ្កាខ្លះៗឆាប់ស្រទាប់ តើប្រយោគណាដែលត្រឹមត្រូវ?				2025-09-14 14:05:20.027	2025-09-14 20:20:31.174681
1	1	3	សំរួល √50				2025-09-14 14:01:59.271	2025-09-14 20:22:27.514091
2	1	3	សំរួល √72				2025-09-14 14:02:00.134	2025-09-14 20:22:29.37408
3	2	3	តើលេខណាដែលមកបន្ទាប់?\n\n2, 4, 8, 16, …				2025-09-14 14:05:08.003	2025-09-14 20:22:48.80855
4	2	3	បើផ្ការីសទាំងអស់គឺផ្កា ហើយផ្កាខ្លះៗឆាប់ស្រទាប់ តើប្រយោគណាដែលត្រឹមត្រូវ?បើផ្ការីសទាំងអស់គឺផ្កា ហើយផ្កាខ្លះៗឆាប់ស្រទាប់ តើប្រយោគណាដែលត្រឹមត្រូវ?				2025-09-14 14:05:08.956	2025-09-14 20:22:50.660607
7	4	3	lim (x → 3) (2x + 5) = ?				2025-09-14 14:08:20.242	2025-09-14 20:23:14.246686
8	4	3	lim (x → 2) (x² - 4) = ?				2025-09-14 14:08:21.512	2025-09-14 20:23:16.177504
275	44	\N	អនុគមន៍ជាសមាគមពីដែនកំណត់ទៅដែនតម្លៃតែមួយ	multiple_choice	និយមន័យអនុគមន៍	\N	\N	\N
276	45	\N	អនុគមន៍សនិទាន៖ $$f(x)=a_n x^n+\\cdots+a_0$$	multiple_choice	អនុគមន៍សនិទាន	\N	\N	\N
277	46	\N	អនុគមន៍ $$f(x)=a^x (a>0,a\\ne 1)$$ ជាអិចស្បូណង់ស្យែល	multiple_choice	អនុគមន៍អិចស្បូណង់ស្យែល	\N	\N	\N
278	47	\N	អនុគមន៍ $$f(x)=\\log_a x (a>0,a\\ne 1)$$ ជាឡូការីត	multiple_choice	អនុគមន៍ឡូការីត	\N	\N	\N
279	48	\N	ដោះស្រាយសមីការ៖ $$x^2-1=0$$	multiple_choice	សមីការ	\N	\N	\N
280	49	\N	សញ្ញានៃដេរីវេបញ្ជាក់ទិសដៅកើន-ថយ	multiple_choice	ប្លង់សិក្សា	\N	\N	\N
281	50	\N		multiple_choice	ល្បឿនប្រតិកម្មគីមី	\N	\N	\N
282	51	\N		multiple_choice	កត្តាជិះឥទ្ធិពលលេីល្បឿនប្រតិកម្ម	\N	\N	\N
283	52	\N		multiple_choice	សមាសធាតុសូលូស្យុងក្នុងទឹក	\N	\N	\N
284	53	\N		multiple_choice	កម្លាំងអន្តរម៉ូលេគុល	\N	\N	\N
285	54	\N		multiple_choice	តារាងសមាសធាតុ	\N	\N	\N
286	55	\N		multiple_choice	ទ្រឹស្តីអាសុីតបាស	\N	\N	\N
287	56	\N		multiple_choice	ប្រតិកម្មអាសុីតបាស	\N	\N	\N
288	57	\N		multiple_choice	សូលុយស្យុងក្នុងទឹកនិង ph	\N	\N	\N
289	58	\N		multiple_choice	អត្រាកម្មអាសុីត-បាស	\N	\N	\N
290	59	\N		multiple_choice	តារាងសមាសធាតុ	\N	\N	\N
291	60	\N		multiple_choice	ធម្មជាតិនៃលំនឹងគីមី	\N	\N	\N
292	61	\N		multiple_choice	ការរំកិលលំនឹង	\N	\N	\N
293	62	\N		multiple_choice	លំនឹងនៃអាសុីត បាស និងអំបិល	\N	\N	\N
294	63	\N		multiple_choice	អេស្ទែ ខ្លាញ់និងប្រេង	\N	\N	\N
295	64	\N		multiple_choice	ស្រលាយអាលីផាទិចអាសូត	\N	\N	\N
296	65	\N		multiple_choice	សមាសធាតុប្រហេីរ	\N	\N	\N
297	66	\N		multiple_choice	ជីវវិទ្យាកោសិកា	\N	\N	\N
298	67	\N		multiple_choice	វិជ្ជាបង្កើត	\N	\N	\N
97	12	\N	ឡូពីតាល់៖ បញ្ចប់ផ្នែក\n\n\n$$\\displaystyle \\lim_{x\\to 0} \\dfrac{\\ln(1+x)}{x} = 1$$	multiple_choice	ទ្រឹស្តីបទឡូពីតាល់	\N	\N	\N
98	12	\N	ឡូពីតាល់៖ ករណីលីមីតអនុគមន៍ថយទៅសូន្យ\n\n\n$$\\displaystyle \\lim_{x\\to 0^+} x^x$$	multiple_choice	ទ្រឹស្តីបទឡូពីតាល់	\N	\N	\N
99	12	\N	ឡូពីតាល់៖ ករណីលីមីតអនុគមន៍អុិចស្បូណង់ស្យែល/ឡូការីត\n\n\n$$\\displaystyle \\lim_{x\\to 0} \\dfrac{e^{x}-1}{x} = 1 \\Rightarrow \\text{ប្រើបាន}$$	multiple_choice	ទ្រឹស្តីបទឡូពីតាល់	\N	\N	\N
100	12	\N	ឡូពីតាល់៖ ករណីលីមីតអនុគមន៍ត្រីកោណមាត្រ\n\n\n$$\\displaystyle \\lim_{x\\to 0} \\dfrac{\\arcsin x}{x}$$	multiple_choice	ទ្រឹស្តីបទឡូពីតាល់	\N	\N	\N
101	12	\N	ឡូពីតាល់៖ ករណីលីមីតនៃផលគុណ\n\n\n$$\\displaystyle \\lim_{x\\to 0} x\\ln(1+x)$$	multiple_choice	ទ្រឹស្តីបទឡូពីតាល់	\N	\N	\N
102	12	\N	ឡូពីតាល់៖ បម្លែងសមាមាត្រ (ប្រើ 1 ដង)\n\n\n$$\\displaystyle \\lim_{x\\to 0} \\dfrac{\\sqrt{1+x}-1}{\\ln(1+x)}$$	multiple_choice	ទ្រឹស្តីបទឡូពីតាល់	\N	\N	\N
103	12	\N	ឡូពីតាល់៖ ដេរីវេជំហានដំបូង\n\n\n$$\\displaystyle \\lim_{x\\to 0} \\dfrac{\\sin x - x}{x^3} = \\dfrac{1}{3}$$	multiple_choice	ទ្រឹស្តីបទឡូពីតាល់	\N	\N	\N
104	12	\N	ឡូពីតាល់៖ អនុវត្តលើ $$\\dfrac{\\infty}{\\infty}$$\n\n\n$$\\displaystyle \\lim_{x\\to \\infty} \\dfrac{\\ln x}{x}$$	multiple_choice	ទ្រឹស្តីបទឡូពីតាល់	\N	\N	\N
105	12	\N	ឡូពីតាល់៖ អនុវត្តលើ $$\\dfrac{0}{0}$$\n\n\n$$\\displaystyle \\lim_{x\\to 0} \\dfrac{e^{x}-1}{\\ln(1+x)}$$	multiple_choice	ទ្រឹស្តីបទឡូពីតាល់	\N	\N	\N
106	12	\N	ឡូពីតាល់៖ រាង $$\\dfrac{0}{0}$$ មូលដ្ឋាន\n\n\n$$\\displaystyle \\lim_{x\\to 0} \\dfrac{\\sin x}{x} = 1 \\Rightarrow \\text{មិនចាំបាច់ L\\Hôpital$$	multiple_choice	ទ្រឹស្តីបទឡូពីតាល់	\N	\N	\N
107	12	\N	អាសុីមកូត៖ បញ្ចប់ផ្នែក\n\n\n$$\\displaystyle y=\\dfrac{2x^2+3}{x^2+1} \\; \\Rightarrow \\text{អាសុីមកូត } y=2$$	multiple_choice	អាសុីមកូត	\N	\N	\N
108	12	\N	អាសុីមកូតបញ្ឈរ៖ កំណាត់នៃអនុគមន៍ឡូការីត\n\n\n$$\\displaystyle y=\\ln(x-1) \\; \\Rightarrow \\text{អាសុីមកូត } x=1$$	multiple_choice	អាសុីមកូត	\N	\N	\N
109	12	\N	អាសុីមកូតផ្ដេក៖ កំណាត់រាងពហុធា\n\n\n$$\\displaystyle y=\\dfrac{x^2+1}{x^2+2} \\; \\Rightrightarrow \\text{អាសុីមកូត } y=1$$	multiple_choice	អាសុីមកូត	\N	\N	\N
110	12	\N	អាសុីមកូតឆ្ពោះ៖ កំណាត់រាងខ្សែកោង\n\n\n$$\\displaystyle y=\\dfrac{x^2+2}{x} \\; \\Rightarrow \\text{អាសុីមកូត } y=x+\\dfrac{2}{x}$$	multiple_choice	អាសុីមកូត	\N	\N	\N
111	12	\N	អាសុីមកូត៖ កំណាត់កោង\n\n\n$$\\displaystyle y=\\sqrt{x^2+1} \\; \\Rightarrow \\text{អាសុីមកូត } y=|x|$$	multiple_choice	អាសុីមកូត	\N	\N	\N
112	12	\N	អាសុីមកូតបញ្ឈរ៖ តម្លៃត្រូវហាម\n\n\n$$\\displaystyle y=\\dfrac{x+1}{(x-1)(x+2)} \\; \\Rightarrow \\text{អាសុីមកូត } x=1, x=-2$$	multiple_choice	អាសុីមកូត	\N	\N	\N
113	12	\N	អាសុីមកូតផ្ដេក៖ ជួរធំ\n\n\n$$\\displaystyle y=\\dfrac{3x-1}{x+4} \\; \\Rightarrow \\text{អាសុីមកូត } y=3$$	multiple_choice	អាសុីមកូត	\N	\N	\N
114	12	\N	អាសុីមកូតឆ្ពោះ៖\n\n\n$$\\displaystyle y=\\dfrac{x^2+1}{x} \\; \\Rightarrow \\text{អាសុីមកូត } y=x$$	multiple_choice	អាសុីមកូត	\N	\N	\N
115	12	\N	អាសុីមកូតបញ្ឈរ៖\n\n\n$$\\displaystyle y=\\dfrac{1}{x-3} \\; \\Rightarrow \\text{អាសុីមកូត } x=3$$	multiple_choice	អាសុីមកូត	\N	\N	\N
116	12	\N	អាសុីមកូតផ្ដេក៖\n\n\n$$\\displaystyle y=\\dfrac{2x^2+1}{x^2+3} \\; \\Rightarrow \\text{អាសុីមកូត } y=2$$	multiple_choice	អាសុីមកូត	\N	\N	\N
117	12	\N	ភាពជាប់៖ បញ្ចប់ផ្នែក\n\n\n$$\\displaystyle \\text{បើ } f,g \\text{ ជាប់ } \\Rightarrow f\\pm g, f\\cdot g, \\dfrac{f}{g}(g\\ne 0) \\text{ ជាប់}$$	multiple_choice	ភាពជាប់នៃលីមីត	\N	\N	\N
118	12	\N	ភាពជាប់៖ ឧទាហរណ៍ជាប់\n\n\n$$f(x)=\\sin x \\; \\text{ជាប់គ្រប់ទីកន្លែង}$$	multiple_choice	ភាពជាប់នៃលីមីត	\N	\N	\N
119	12	\N	ភាពជាប់៖ ឧទាហរណ៍មិនជាប់\n\n\n$$f(x)=\\dfrac{1}{x} \\; \\text{មិនជាប់នៅ } x=0$$	multiple_choice	ភាពជាប់នៃលីមីត	\N	\N	\N
120	12	\N	ភាពជាប់៖ ជាប់ខាងស្តាំ/ឆ្វេង\n\n\n$$\\displaystyle \\lim_{x\\to 0^+} f(x) = \\lim_{x\\to 0^-} f(x) = L \\Rightarrow \\lim_{x\\to 0} f(x)=L$$	multiple_choice	ភាពជាប់នៃលីមីត	\N	\N	\N
121	12	\N	ភាពជាប់៖ ជាប់ទូទៅនៃពហុធា\n\n\n$$\\displaystyle \\text{ពហុធា និងអនុគមន៍ហ្រ្វាស្យុង ជាប់គ្រប់ចំណុចក្នុងដែនកំណត់}$$	multiple_choice	ភាពជាប់នៃលីមីត	\N	\N	\N
122	12	\N	ភាពជាប់៖ ជាប់នៃសមាសភាព\n\n\n$$\\displaystyle \\text{បើ } g \\text{ ជាប់នៅ } a \\text{ និង } f \\text{ ជាប់នៅ } g(a) \\Rightarrow f\\circ g \\text{ ជាប់នៅ } a$$	multiple_choice	ភាពជាប់នៃលីមីត	\N	\N	\N
123	12	\N	ភាពជាប់៖ ជាប់នៃផលគុណ\n\n\n$$\\displaystyle \\lim_{x\\to a} (f\\cdot g)(x) = LM$$	multiple_choice	ភាពជាប់នៃលីមីត	\N	\N	\N
124	12	\N	ភាពជាប់៖ ជាប់នៃផលបូក\n\n\n$$\\displaystyle \\lim_{x\\to a} (f+g)(x) = L+M \\;\\text{ប្រសិនបើ}\\; \\lim f=L,\\;\\lim g=M$$	multiple_choice	ភាពជាប់នៃលីមីត	\N	\N	\N
299	68	\N		multiple_choice	បរិស្ថានវិទ្យា	\N	\N	\N
300	69	\N		multiple_choice	វិវឌ្ឍនភាព	\N	\N	\N
125	12	\N	ភាពជាប់៖ ជាប់លើជួរផ្នែកៗ\n\n\n$$f(x)=\\begin{cases}x^2,& x\\ge 0\\\\ -x,& x<0\\end{cases}$$\n\nពិនិត្យជាប់នៅ $x=0$	multiple_choice	ភាពជាប់នៃលីមីត	\N	\N	\N
126	12	\N	ភាពជាប់៖ ពិនិត្យជាប់ដោយតម្លៃជាន់\n\n\n$$\\displaystyle \\lim_{x\\to 0} |x| = 0$$	multiple_choice	ភាពជាប់នៃលីមីត	\N	\N	\N
127	12	\N	ឡូការីតនេពែ៖ បញ្ចប់ផ្នែក\n\n\n$$\\displaystyle \\lim_{x\\to 0} \\dfrac{\\ln(\\cos x)}{x^2}$$	multiple_choice	លីមីតឡូការីតនេពែ	\N	\N	\N
128	12	\N	ឡូការីតនេពែ៖ ប្រៀបធៀបជួរធំ\n\n\n$$\\displaystyle \\lim_{x\\to \\infty} \\dfrac{\\ln(x+1)}{\\ln x}$$	multiple_choice	លីមីតឡូការីតនេពែ	\N	\N	\N
129	12	\N	ឡូការីតនេពែ៖ ករណីពិសេស\n\n\n$$\\displaystyle \\lim_{x\\to 0} \\dfrac{\\ln(1+x)}{\\sin x}$$	multiple_choice	លីមីតឡូការីតនេពែ	\N	\N	\N
130	12	\N	ឡូការីតនេពែ៖ កម្រិតខ្ពស់ (អត្ថបទពិសេស)\n\n\n$$\\displaystyle \\lim_{x\\to 0^+} x^x$$	multiple_choice	លីមីតឡូការីតនេពែ	\N	\N	\N
131	12	\N	ឡូការីតនេពែ៖ បម្លែងផ្សំ\n\n\n$$\\displaystyle \\lim_{x\\to 0} \\dfrac{\\ln(1+ax) - ax}{x^2}$$	multiple_choice	លីមីតឡូការីតនេពែ	\N	\N	\N
132	12	\N	ឡូការីតនេពែ៖ ប្រៀបធៀបលឿន/យឺត\n\n\n$$\\displaystyle \\lim_{x\\to \\infty} \\dfrac{\\ln x}{x^a}\\;(a>0)$$	multiple_choice	លីមីតឡូការីតនេពែ	\N	\N	\N
133	12	\N	ឡូការីតនេពែ៖ ជួរធំជាមួយផ្ទុយ\n\n\n$$\\displaystyle \\lim_{x\\to 0^+} x\\ln x$$	multiple_choice	លីមីតឡូការីតនេពែ	\N	\N	\N
134	12	\N	ឡូការីតនេពែ៖ កម្រិតខ្ពស់ (ស៊េរីតូច)\n\n\n$$\\displaystyle \\lim_{x\\to 0} \\dfrac{\\ln(1+x) - x + \\dfrac{x^2}{2}}{x^3}$$	multiple_choice	លីមីតឡូការីតនេពែ	\N	\N	\N
135	12	\N	ឡូការីតនេពែ៖ បម្លែងសមាមាត្រ\n\n\n$$\\displaystyle \\lim_{x\\to 0} \\dfrac{\\ln(1+2x)-2x}{x^2}$$	multiple_choice	លីមីតឡូការីតនេពែ	\N	\N	\N
136	12	\N	ឡូការីតនេពែ៖ លីមីតជួរធំ\n\n\n$$\\displaystyle \\lim_{x\\to \\infty} \\dfrac{\\ln x}{x}$$	multiple_choice	លីមីតឡូការីតនេពែ	\N	\N	\N
137	12	\N	ឡូការីតនេពែ៖ គោលលទ្ធផល\n\n\n$$\\displaystyle \\lim_{x\\to 0} \\dfrac{\\ln(1+x)}{x}$$	multiple_choice	លីមីតឡូការីតនេពែ	\N	\N	\N
138	12	\N	អុិចស្បូណង់ស្យែល៖ បញ្ចប់ផ្នែក\n\n\n$$\\displaystyle \\lim_{x\\to \\infty} \\dfrac{e^{x}}{x^n}\\;(n>0)$$	multiple_choice	លីមីតអនុគមន៍អុិចស្បូណង់ស្យែល	\N	\N	\N
139	12	\N	អុិចស្បូណង់ស្យែល៖ លីមីតជួរធំ (ផ្ទុយសូន្យ)\n\n\n$$\\displaystyle \\lim_{x\\to 0^+} x\\ln(e^{1/x})$$	multiple_choice	លីមីតអនុគមន៍អុិចស្បូណង់ស្យែល	\N	\N	\N
140	12	\N	អុិចស្បូណង់ស្យែល៖ កម្រិតខ្ពស់ (ស៊េរីតូច)\n\n\n$$\\displaystyle \\lim_{x\\to 0} \\dfrac{e^{x} - 1 - x - \\dfrac{x^2}{2}}{x^3}$$	multiple_choice	លីមីតអនុគមន៍អុិចស្បូណង់ស្យែល	\N	\N	\N
141	12	\N	អុិចស្បូណង់ស្យែល៖ ជួរធំជាមួយផ្ទុយ\n\n\n$$\\displaystyle \\lim_{x\\to \\infty} (e^{1/x})$$	multiple_choice	លីមីតអនុគមន៍អុិចស្បូណង់ស្យែល	\N	\N	\N
142	12	\N	អុិចស្បូណង់ស្យែល៖ ប្រៀបធៀបលឿន/យឺត\n\n\n$$\\displaystyle \\lim_{x\\to 0} \\dfrac{e^{x}-1- x}{x^2}$$	multiple_choice	លីមីតអនុគមន៍អុិចស្បូណង់ស្យែល	\N	\N	\N
143	12	\N	អុិចស្បូណង់ស្យែល៖ បម្លែងសមាមាត្រ\n\n\n$$\\displaystyle \\lim_{x\\to 0} \\dfrac{e^{x}-\\cos x}{x}$$	multiple_choice	លីមីតអនុគមន៍អុិចស្បូណង់ស្យែល	\N	\N	\N
144	12	\N	អុិចស្បូណង់ស្យែល៖ លីមីតជួរធំ\n\n\n$$\\displaystyle \\lim_{x\\to \\infty} e^{-x}$$	multiple_choice	លីមីតអនុគមន៍អុិចស្បូណង់ស្យែល	\N	\N	\N
145	12	\N	អុិចស្បូណង់ស្យែល៖ កម្រិតខ្ពស់\n\n\n$$\\displaystyle \\lim_{x\\to 0} \\dfrac{e^{2x}-1}{x}$$	multiple_choice	លីមីតអនុគមន៍អុិចស្បូណង់ស្យែល	\N	\N	\N
146	12	\N	អុិចស្បូណង់ស្យែល៖ គោលលទ្ធផល\n\n\n$$\\displaystyle \\lim_{x\\to 0} \\dfrac{e^{x}-1}{x}$$	multiple_choice	លីមីតអនុគមន៍អុិចស្បូណង់ស្យែល	\N	\N	\N
147	12	\N	លីមីតត្រីកោណមាត្រ៖ បញ្ចប់ផ្នែក\n\n\n$$\\displaystyle \\lim_{x\\to 0} \\dfrac{\\sin(ax) - \\sin(bx)}{x}$$	multiple_choice	លីមីតអនុគមន៍ត្រីកោណមាត្រ	\N	\N	\N
148	12	\N	លីមីតត្រីកោណមាត្រ៖ បម្លែងកូនគូ\n\n\n$$\\displaystyle \\lim_{x\\to 0} \\dfrac{1-\\cos 2x}{x^2}$$	multiple_choice	លីមីតអនុគមន៍ត្រីកោណមាត្រ	\N	\N	\N
149	12	\N	លីមីតត្រីកោណមាត្រ៖ កម្រិតខ្ពស់ (ស៊េរីតូច)\n\n\n$$\\displaystyle \\lim_{x\\to 0} \\dfrac{\\sin x - x + \\dfrac{x^3}{6}}{x^5}$$	multiple_choice	លីមីតអនុគមន៍ត្រីកោណមាត្រ	\N	\N	\N
150	12	\N	លីមីតត្រីកោណមាត្រ៖ ករណីពិសេស\n\n\n$$\\displaystyle \\lim_{x\\to 0} \\dfrac{\\sin 2x}{x}$$	multiple_choice	លីមីតអនុគមន៍ត្រីកោណមាត្រ	\N	\N	\N
151	12	\N	លីមីតត្រីកោណមាត្រ៖ លីមីតជាងគេនៃផលគុណ\n\n\n$$\\displaystyle \\lim_{x\\to 0} (x \\csc x)$$	multiple_choice	លីមីតអនុគមន៍ត្រីកោណមាត្រ	\N	\N	\N
152	12	\N	លីមីតត្រីកោណមាត្រ៖ ប្រើសមមូលត្រីកោណមាត្រ\n\n\n$$\\displaystyle \\lim_{x\\to 0} \\dfrac{\\tan x - \\sin x}{x^3}$$	multiple_choice	លីមីតអនុគមន៍ត្រីកោណមាត្រ	\N	\N	\N
153	12	\N	លីមីតត្រីកោណមាត្រ៖ កម្រិតខ្ពស់\n\n\n$$\\displaystyle \\lim_{x\\to 0} \\dfrac{\\sin ax}{x}$$	multiple_choice	លីមីតអនុគមន៍ត្រីកោណមាត្រ	\N	\N	\N
154	12	\N	លីមីតត្រីកោណមាត្រ៖ បម្លែងសមមូល\n\n\n$$\\displaystyle \\lim_{x\\to 0} \\dfrac{1-\\cos x}{x^2}$$	multiple_choice	លីមីតអនុគមន៍ត្រីកោណមាត្រ	\N	\N	\N
155	12	\N	លីមីតត្រីកោណមាត្រ៖ សមមូលតូចៗ\n\n\n$$\\displaystyle \\lim_{x\\to 0} \\dfrac{\\tan x}{x}$$	multiple_choice	លីមីតអនុគមន៍ត្រីកោណមាត្រ	\N	\N	\N
156	12	\N	លីមីតត្រីកោណមាត្រ៖ គោលលទ្ធផលមូលដ្ឋាន\n\n\n$$\\displaystyle \\lim_{x\\to 0} \\dfrac{\\sin x}{x}$$	multiple_choice	លីមីតអនុគមន៍ត្រីកោណមាត្រ	\N	\N	\N
157	12	\N	រាង $$(+\\infty) - (\\infty)$$៖ បញ្ចប់ផ្នែក\n\n\n$$\\displaystyle \\lim_{x\\to \\infty} \\left(\\sqrt{9x^2+x}-3x\\right)$$	multiple_choice	លីមីតរាង +∞ - ∞	\N	\N	\N
158	12	\N	រាង $$(+\\infty) - (\\infty)$$៖ បំបែកកម្រិតខ្ពស់\n\n\n$$\\displaystyle \\lim_{x\\to \\infty} \\left(\\sqrt{x^2+4x+10}-x\\right)$$	multiple_choice	លីមីតរាង +∞ - ∞	\N	\N	\N
159	12	\N	រាង $$(+\\infty) - (\\infty)$$៖ ប្រៀបធៀបកម្រិតក្រោយបំបែក\n\n\n$$\\displaystyle \\lim_{x\\to \\infty} \\left(\\sqrt{x^2+ax}-\\sqrt{x^2+cx}\\right)\\;(a>c>0)$$	multiple_choice	លីមីតរាង +∞ - ∞	\N	\N	\N
160	12	\N	រាង $$(+\\infty) - (\\infty)$$៖ កម្រិតខ្ពស់ (គន្លឹះរេស្យូណាលីស)\n\n\n$$\\displaystyle \\lim_{x\\to \\infty} \\left(\\sqrt{x^2+2x+3}-x\\right)$$	multiple_choice	លីមីតរាង +∞ - ∞	\N	\N	\N
161	12	\N	រាង $$(+\\infty) - (\\infty)$$៖ សមាមាត្រ និងរេស្យូណាលីស\n\n\n$$\\displaystyle \\lim_{x\\to \\infty} \\left(\\sqrt{x^2+bx+1}-\\sqrt{x^2+1}\\right)$$	multiple_choice	លីមីតរាង +∞ - ∞	\N	\N	\N
162	12	\N	រាង $$(+\\infty) - (\\infty)$$៖ បម្លែងជាសមាមាត្រ\n\n\n$$\\displaystyle \\lim_{x\\to \\infty} \\left(\\sqrt{4x^2+3x}-2x\\right)$$	multiple_choice	លីមីតរាង +∞ - ∞	\N	\N	\N
163	12	\N	រាង $$(+\\infty) - (\\infty)$$៖ ដេរីវេបន្ទាន់ (សមមូល)\n\n\n$$\\displaystyle \\lim_{x\\to \\infty} \\left(\\sqrt{x^2+ax}-x\\right) = \\dfrac{a}{2} \\; (a>0)$$	multiple_choice	លីមីតរាង +∞ - ∞	\N	\N	\N
164	12	\N	រាង $$(+\\infty) - (\\infty)$$៖ បែងចែកដោយ $x$\n\n\n$$\\displaystyle \\lim_{x\\to \\infty} \\left(\\sqrt{x^2+6x+9}-x\\right)$$	multiple_choice	លីមីតរាង +∞ - ∞	\N	\N	\N
165	12	\N	រាង $$(+\\infty) - (\\infty)$$៖ រេស្យូណាលីស\n\n\n$$\\displaystyle \\lim_{x\\to \\infty} \\left(\\sqrt{x^2+5x+1}-\\sqrt{x^2+2x+1}\\right)$$	multiple_choice	លីមីតរាង +∞ - ∞	\N	\N	\N
166	12	\N	រាង $$(+\\infty) - (\\infty)$$៖ បម្លែងជាសមាមាត្រ\n\n\n$$\\displaystyle \\lim_{x\\to \\infty} \\left(\\sqrt{x^2+4x}-x\\right)$$	multiple_choice	លីមីតរាង +∞ - ∞	\N	\N	\N
167	12	\N	រាង $$\\dfrac{\\infty}{\\infty}$$៖ កម្រិតខ្ពស់ (រេស្យូណាលីស)\n\n\n$$\\displaystyle \\lim_{x\\to \\infty} \\left(\\sqrt{4x^2+x}-2x\\right)$$	multiple_choice	លីមីតរាង ∞/∞	\N	\N	\N
168	12	\N	រាង $$\\dfrac{\\infty}{\\infty}$$៖ ចំនួនជួរពហុធា\n\n\n$$\\displaystyle \\lim_{x\\to -\\infty} \\dfrac{-x^3+2x}{x^3+1}$$	multiple_choice	លីមីតរាង ∞/∞	\N	\N	\N
169	12	\N	រាង $$\\dfrac{\\infty}{\\infty}$$៖ បំបែកវគ្គតាង\n\n\n$$\\displaystyle \\lim_{x\\to \\infty} \\dfrac{x - \\sqrt{x^2-1}}{1/x}$$	multiple_choice	លីមីតរាង ∞/∞	\N	\N	\N
170	12	\N	រាង $$\\dfrac{\\infty}{\\infty}$$៖ អុិចស្បូណង់ស្យែល\n\n\n$$\\displaystyle \\lim_{x\\to \\infty} \\dfrac{e^{x}-1}{x}$$	multiple_choice	លីមីតរាង ∞/∞	\N	\N	\N
171	12	\N	រាង $$\\dfrac{\\infty}{\\infty}$$៖ លូការីតនេពែ\n\n\n$$\\displaystyle \\lim_{x\\to \\infty} \\dfrac{\\ln(x^2+1)}{\\ln x}$$	multiple_choice	លីមីតរាង ∞/∞	\N	\N	\N
172	12	\N	រាង $$\\dfrac{\\infty}{\\infty}$$៖ ត្រីកោណមាត្រ\n\n\n$$\\displaystyle \\lim_{x\\to \\infty} \\dfrac{\\sin x + \\cos x}{x}$$	multiple_choice	លីមីតរាង ∞/∞	\N	\N	\N
173	12	\N	រាង $$\\dfrac{\\infty}{\\infty}$$៖ រេស្យូណាលីស\n\n\n$$\\displaystyle \\lim_{x\\to \\infty} \\left(\\sqrt{x^2+7x+1}-x\\right)$$	multiple_choice	លីមីតរាង ∞/∞	\N	\N	\N
174	12	\N	រាង $$\\dfrac{\\infty}{\\infty}$$៖ យកកំរិតខ្ពស់ជាងគេ\n\n\n$$\\displaystyle \\lim_{x\\to \\infty} \\dfrac{\\sqrt{x^2+5x}-x}{x}$$	multiple_choice	លីមីតរាង ∞/∞	\N	\N	\N
175	12	\N	រាង $$\\dfrac{\\infty}{\\infty}$$៖ បែងចែកដោយ $x$\n\n\n$$\\displaystyle \\lim_{x\\to \\infty} \\dfrac{2x-1}{x+4}$$	multiple_choice	លីមីតរាង ∞/∞	\N	\N	\N
176	12	\N	រាង $$\\dfrac{\\infty}{\\infty}$$៖ បែងចែកដោយអនុគមន៍ដឺក្រេខ្ពស់\n\n\n$$\\displaystyle \\lim_{x\\to \\infty} \\dfrac{3x^2-5x+1}{x^2+2}$$	multiple_choice	លីមីតរាង ∞/∞	\N	\N	\N
177	12	\N	រាង $$\\dfrac{0}{0}$$៖ កម្រិតខ្ពស់ (បំបែក)\n\n\n$$\\displaystyle \\lim_{x\\to 0} \\dfrac{\\sqrt{1+2x}-\\sqrt{1-3x}}{x}$$	multiple_choice	លីមីតរាង ០/០	\N	\N	\N
178	12	\N	រាង $$\\dfrac{0}{0}$$៖ លីមីតសមាស\n\n\n$$\\displaystyle \\lim_{x\\to 0} \\dfrac{\\sin x - x\\cos x}{x^3}$$	multiple_choice	លីមីតរាង ០/០	\N	\N	\N
179	12	\N	រាង $$\\dfrac{0}{0}$$៖ អុិចស្បូណង់ស្យែល\n\n\n$$\\displaystyle \\lim_{x\\to 0} \\dfrac{e^{2x}-1}{x}$$	multiple_choice	លីមីតរាង ០/០	\N	\N	\N
180	12	\N	រាង $$\\dfrac{0}{0}$$៖ លូការីតនេពែ\n\n\n$$\\displaystyle \\lim_{x\\to 0} \\dfrac{\\ln(1+x)}{x}$$	multiple_choice	លីមីតរាង ០/០	\N	\N	\N
181	12	\N	រាង $$\\dfrac{0}{0}$$៖ ត្រីកោណមាត្រ (បំបែក)\n\n\n$$\\displaystyle \\lim_{x\\to 0} \\dfrac{\\tan x - \\sin x}{x^3}$$	multiple_choice	លីមីតរាង ០/០	\N	\N	\N
182	12	\N	រាង $$\\dfrac{0}{0}$$៖ ត្រីកោណមាត្រ\n\n\n$$\\displaystyle \\lim_{x\\to 0} \\dfrac{\\sin 3x}{x}$$	multiple_choice	លីមីតរាង ០/០	\N	\N	\N
183	12	\N	រាង $$\\dfrac{0}{0}$$៖ រេស្យូណាលីស (បម្លែងគូស)\n\n\n$$\\displaystyle \\lim_{x\\to 0} \\dfrac{1-\\cos x}{x^2}$$	multiple_choice	លីមីតរាង ០/០	\N	\N	\N
184	12	\N	រាង $$\\dfrac{0}{0}$$៖ រេស្យូណាលីសស័ក្តិសម\n\n\n$$\\displaystyle \\lim_{x\\to 0} \\dfrac{\\sqrt{1+x}-1}{x}$$	multiple_choice	លីមីតរាង ០/០	\N	\N	\N
185	12	\N	រាង $$\\dfrac{0}{0}$$៖ គុណសមាស\n\n\n$$\\displaystyle \\lim_{x\\to 1} \\dfrac{x^2-1}{x-1}$$	multiple_choice	លីមីតរាង ០/០	\N	\N	\N
186	12	\N	រាង $$\\dfrac{0}{0}$$៖ កាត់បន្ថយកន្សោម\n\n\n$$\\displaystyle \\lim_{x\\to 2} \\dfrac{x^2-4}{x-2}$$	multiple_choice	លីមីតរាង ០/០	\N	\N	\N
187	12	\N	ប្រើការបំបែកកម្រិតខ្ពស់៖\n\n\n$$\\displaystyle \\lim_{x\\to \\infty} \\left(\\sqrt{x^2+3x+1}-x\\right)$$	multiple_choice	ប្រមាណវិធីលេីលីមីត	\N	\N	\N
188	12	\N	លីមីតមានរូបរាង $$\\dfrac{0}{0}$$៖\n\n\n$$\\displaystyle \\lim_{x\\to 0} \\dfrac{\\sin 2x}{x}$$	multiple_choice	ប្រមាណវិធីលេីលីមីត	\N	\N	\N
189	12	\N	លីមីតពហុធាម្ខាង៖\n\n\n$$\\displaystyle \\lim_{x\\to 0^+} x^x$$	multiple_choice	ប្រមាណវិធីលេីលីមីត	\N	\N	\N
190	12	\N	ប្រើសមមូលត្រីកោណមាត្រ៖\n\n\n$$\\displaystyle \\lim_{x\\to 0} \\dfrac{\\tan x - x}{x^3}$$	multiple_choice	ប្រមាណវិធីលេីលីមីត	\N	\N	\N
191	12	\N	រេយ្សូណាលីស និងរ៉ាស្យុងណាលីស៖\n\n\n$$\\displaystyle \\lim_{x\\to 0} \\dfrac{\\sqrt{1+2x}-\\sqrt{1-x}}{x}$$	multiple_choice	ប្រមាណវិធីលេីលីមីត	\N	\N	\N
192	12	\N	គុណដោយកូនគូបន្ថែម៖\n\n\n$$\\displaystyle \\lim_{x\\to 0} \\dfrac{1-\\cos x}{x^2}$$	multiple_choice	ប្រមាណវិធីលេីលីមីត	\N	\N	\N
193	12	\N	រ៉ាស្យុងណាលីស៖ ចំនួនជួរធំៗ៖\n\n\n$$\\displaystyle \\lim_{x\\to \\infty} \\dfrac{2x^2-3x+1}{x^2+5}$$	multiple_choice	ប្រមាណវិធីលេីលីមីត	\N	\N	\N
194	12	\N	រេច្យូណាលីសេស្យុងឬគុណសមាស៖\n\n\n$$\\displaystyle \\lim_{x\\to 3} \\dfrac{x^2-5x+6}{x-2}$$	multiple_choice	ប្រមាណវិធីលេីលីមីត	\N	\N	\N
195	12	\N	មាន $$\\dfrac{0}{0}$$ រាងមិនកំណត់៖\n\n\n$$\\displaystyle \\lim_{x\\to 1} \\dfrac{x^2-1}{x-1}$$	multiple_choice	ប្រមាណវិធីលេីលីមីត	\N	\N	\N
196	12	\N	កាត់បន្ថយកន្សោម៖\n\n\n$$\\displaystyle \\lim_{x\\to 2} \\dfrac{x^2-4}{x-2}$$	multiple_choice	ប្រមាណវិធីលេីលីមីត	\N	\N	\N
197	12	\N	គណនាលីមីតខាងស្តាំ និងខាងឆ្វេង៖\n\n\n$$\\displaystyle \\lim_{x\\to 0^+}(x\\ln x)$$	multiple_choice	និយមន័យលីមីត	\N	\N	\N
198	12	\N	គណនាលីមីត៖\n\n\n$$\\displaystyle \\lim_{x\\to 0} \\dfrac{\\sqrt{1+3x}-1}{x}$$	multiple_choice	និយមន័យលីមីត	\N	\N	\N
199	12	\N	គណនាលីមីត៖\n\n\n$$\\displaystyle \\lim_{x\\to 0} (\\sin x / x)$$	multiple_choice	និយមន័យលីមីត	\N	\N	\N
200	12	\N	ពិនិត្យភាពមានលីមីត៖\n\n\n$$\\displaystyle \\lim_{x\\to 0}\\dfrac{|x|}{x}$$	multiple_choice	និយមន័យលីមីត	\N	\N	\N
201	12	\N	បំពេញលទ្ធផល៖\n\n\n$$\\displaystyle \\lim_{x\\to 0} (2x+|x|)$$	multiple_choice	និយមន័យលីមីត	\N	\N	\N
202	12	\N	គេឲ្យ $$f(x)=\\dfrac{x^2-9}{x-3}$$ សម្រាប់ $$x\\ne 3$$.\n\n\nតើលីមីត៖\n\n\n$$\\displaystyle \\lim_{x\\to 3} f(x)$$ ស្មើនឹងអ្វី?	multiple_choice	និយមន័យលីមីត	\N	\N	\N
203	12	\N	គណនាលីមីតតាមនិយមន័យ៖\n\n\n$$\\displaystyle \\lim_{x\\to -1}(x^3+x)$$	multiple_choice	និយមន័យលីមីត	\N	\N	\N
204	12	\N	គេឲ្យ $$f(x)=\\sqrt{x}$$.\n\n\nចូរគណនា៖\n\n\n$$\\displaystyle \\lim_{x\\to 4} f(x)$$	multiple_choice	និយមន័យលីមីត	\N	\N	\N
205	12	\N	គណនាលីមីត៖\n\n\n$$\\displaystyle \\lim_{x\\to 2} (3x-5)$$	multiple_choice	និយមន័យលីមីត	\N	\N	\N
206	12	\N	គេឲ្យអនុគមន៍ $$f(x)=x^2-1$$.\n\n\nគណនាលីមីត៖\n\n\n$$\\displaystyle \\lim_{x\\to 1} f(x)$$	multiple_choice	និយមន័យលីមីត	\N	\N	\N
207	13	\N	សរសេរទម្រង់ត្រីកោណមាត្រ៖\n\n\n$$z = -1 - i$$	multiple_choice	ទម្រង់ត្រីកោណមាត្រ	\N	\N	\N
208	13	\N	ដោះស្រាយសមីការការ៉េ៖\n\n\n$$x^2 + 10x + 29 = 0$$	multiple_choice	សមីការដឺក្រេទី ២	\N	\N	\N
209	13	\N	គណនាម៉ូឌុល៖\n\n\n$$z = -5 + 12i$$	multiple_choice	ម៉ូឌុលនៃកុំផ្លិច	\N	\N	\N
210	13	\N	គណនាគុណ/ចែក៖\n\n\n$$z_1 = 2 + 2i,\\; z_2 = 1 - i \\quad\\Rightarrow\\quad \\dfrac{z_1}{z_2}$$	multiple_choice	ប្រមាណវិធីគុណ និងចែកចំនួនកុំផ្លិច	\N	\N	\N
211	13	\N	គណនា​បូកដកចំនួនកុំផ្លិច៖\n\n\n$$z_1 = -2 + 5i,\\; z_2 = 4 - 3i \\quad\\Rightarrow\\quad z_1 + z_2$$	multiple_choice	ប្រមាណវិធីបូក ដកចំនួនកុំផ្លិច	\N	\N	\N
212	13	\N	គណនាមុំអាគឺម៉ង់៖\n\n\n$$z = 1 + \\sqrt{3}i$$	multiple_choice	និយមន័យកុំផ្លិច	\N	\N	\N
213	13	\N	សរសេរទម្រង់ត្រីកោណមាត្រ៖\n\n\n$$z = -\\sqrt{3} + i$$	multiple_choice	ទម្រង់ត្រីកោណមាត្រ	\N	\N	\N
214	13	\N	ដោះស្រាយសមីការការ៉េ៖\n\n\n$$x^2 + 2x + 10 = 0$$	multiple_choice	សមីការដឺក្រេទី ២	\N	\N	\N
215	13	\N	គេឲ្យចំនួនកុំផ្លិច $$z = 12 + 35i$$។\n\nគណនាម៉ូឌុលនៃ z៖\n\n$$|z|$$	multiple_choice	ម៉ូឌុលនៃកុំផ្លិច	\N	\N	\N
216	13	\N	គេឲ្យចំនួនកុំផ្លិច $$z_1 = 4 + 3i$$ និង $$z_2 = 1 - 2i$$។\n\nគណនា $$z_1 \\cdot z_2$$៖	multiple_choice	ប្រមាណវិធីគុណ និងចែកចំនួនកុំផ្លិច	\N	\N	\N
217	13	\N	គេឲ្យចំនួនកុំផ្លិច $$z = 15 + 8i$$។\n\nគណនាការប្រែប្រួល (conjugate) នៃ z៖\n\n$$\\overline{z}$$	multiple_choice	និយមន័យកុំផ្លិច	\N	\N	\N
218	13	\N	គេឲ្យចំនួនកុំផ្លិច $$z = 2 - 2\\sqrt{3}i$$។\n\nសរសេរក្នុងទម្រង់ត្រីកោណមាត្រ៖\n\n$$z = r(\\cos\\theta + i\\sin\\theta)$$	multiple_choice	ទម្រង់ត្រីកោណមាត្រ	\N	\N	\N
219	13	\N	ដោះស្រាយសមីការការ៉េ៖\n\n$$x^2 + 8x + 17 = 0$$	multiple_choice	សមីការដឺក្រេទី ២	\N	\N	\N
220	13	\N	គេឲ្យចំនួនកុំផ្លិច $$z = 9 + 40i$$។\n\nគណនាម៉ូឌុលនៃ z៖\n\n$$|z|$$	multiple_choice	ម៉ូឌុលនៃកុំផ្លិច	\N	\N	\N
221	13	\N	គេឲ្យចំនួនកុំផ្លិច $$z_1 = 3 + 2i$$ និង $$z_2 = 2 - 4i$$។\n\nគណនា $$z_1 \\cdot z_2$$៖	multiple_choice	ប្រមាណវិធីគុណ និងចែកចំនួនកុំផ្លិច	\N	\N	\N
222	13	\N	គេឲ្យចំនួនកុំផ្លិច $$z = 7 + 24i$$។\n\nគណនាការប្រែប្រួល (conjugate) នៃ z៖\n\n$$\\overline{z}$$	multiple_choice	និយមន័យកុំផ្លិច	\N	\N	\N
223	13	\N	គេឲ្យចំនួនកុំផ្លិច $$z = -1 + i$$។\n\nសរសេរក្នុងទម្រង់ត្រីកោណមាត្រ៖\n\n$$z = r(\\cos\\theta + i\\sin\\theta)$$	multiple_choice	ទម្រង់ត្រីកោណមាត្រ	\N	\N	\N
224	13	\N	ដោះស្រាយសមីការការ៉េ៖\n\n$$x^2 - 4x + 5 = 0$$	multiple_choice	សមីការដឺក្រេទី ២	\N	\N	\N
225	13	\N	គេឲ្យចំនួនកុំផ្លិច $$z = 8 + 6i$$។\n\nគណនាម៉ូឌុលនៃ z៖\n\n$$|z|$$	multiple_choice	ម៉ូឌុលនៃកុំផ្លិច	\N	\N	\N
226	13	\N	គេឲ្យចំនួនកុំផ្លិច $$z_1 = 2 + i$$ និង $$z_2 = 1 - 3i$$។\n\nគណនា $$z_1 \\cdot z_2$$៖	multiple_choice	ប្រមាណវិធីគុណ និងចែកចំនួនកុំផ្លិច	\N	\N	\N
227	13	\N	គេឲ្យចំនួនកុំផ្លិច $$z = 4 - 3i$$។\n\nគណនាការប្រែប្រួល (conjugate) នៃ z៖\n\n$$\\overline{z}$$	multiple_choice	និយមន័យកុំផ្លិច	\N	\N	\N
228	13	\N	គេឲ្យចំនួនកុំផ្លិច $$z = 1 - \\sqrt{3}i$$។\n\nសរសេរក្នុងទម្រង់ត្រីកោណមាត្រ៖\n\n$$z = r(\\cos\\theta + i\\sin\\theta)$$	multiple_choice	ទម្រង់ត្រីកោណមាត្រ	\N	\N	\N
229	13	\N	ដោះស្រាយសមីការការ៉េ៖\n\n$$x^2 + 6x + 10 = 0$$	multiple_choice	សមីការដឺក្រេទី ២	\N	\N	\N
230	13	\N	គេឲ្យចំនួនកុំផ្លិច $$z = 5 + 12i$$។\n\nគណនាម៉ូឌុលនៃ z៖\n\n$$|z|$$	multiple_choice	ម៉ូឌុលនៃកុំផ្លិច	\N	\N	\N
231	13	\N	គេឲ្យចំនួនកុំផ្លិច $$z_1 = 1 + 2i$$ និង $$z_2 = 3 - i$$។\n\nគណនា $$z_1 \\cdot z_2$$៖	multiple_choice	ប្រមាណវិធីគុណ និងចែកចំនួនកុំផ្លិច	\N	\N	\N
232	13	\N	គេឲ្យចំនួនកុំផ្លិច $$z = 2 + 3i$$។\n\nគណនាការប្រែប្រួល (conjugate) នៃ z៖\n\n$$\\overline{z}$$	multiple_choice	និយមន័យកុំផ្លិច	\N	\N	\N
233	13	\N	គេឲ្យចំនួនកុំផ្លិច $$z = \\sqrt{3} + i$$។\n\nសរសេរក្នុងទម្រង់ត្រីកោណមាត្រ៖\n\n$$z = r(\\cos\\theta + i\\sin\\theta)$$	multiple_choice	ទម្រង់ត្រីកោណមាត្រ	\N	\N	\N
234	13	\N	ដោះស្រាយសមីការការ៉េ៖\n\n$$x^2 - 2x + 2 = 0$$	multiple_choice	សមីការដឺក្រេទី ២	\N	\N	\N
235	13	\N	គេឲ្យចំនួនកុំផ្លិច $$z = 3 - 4i$$។\n\nគណនាម៉ូឌុលនៃ z៖\n\n$$|z|$$	multiple_choice	ម៉ូឌុលនៃកុំផ្លិច	\N	\N	\N
236	13	\N	គេឲ្យចំនួនកុំផ្លិច $$z = 1 + i$$។\n\nគណនា $$\\frac{1}{z}$$៖	multiple_choice	ប្រមាណវិធីគុណ និងចែកចំនួនកុំផ្លិច	\N	\N	\N
237	13	\N	គេឲ្យចំនួនកុំផ្លិច $$z_1 = 3 + 4i$$ និង $$z_2 = 2 - i$$។\n\nគណនា $$z_1 - z_2$$៖	multiple_choice	ប្រមាណវិធីបូក ដកចំនួនកុំផ្លិច	\N	\N	\N
238	13	\N	គេឲ្យចំនួនកុំផ្លិច $$z = 1 + i$$។\n\nគណនា $$z^2$$៖	multiple_choice	និយមន័យកុំផ្លិច	\N	\N	\N
239	13	\N	គេឲ្យចំនួនកុំផ្លិច $$z = 2 + 2i$$។\n\nសរសេរក្នុងទម្រង់ត្រីកោណមាត្រ៖\n\n$$z = r(\\cos\\theta + i\\sin\\theta)$$	multiple_choice	ទម្រង់ត្រីកោណមាត្រ	\N	\N	\N
240	13	\N	ដោះស្រាយសមីការការ៉េ៖\n\n$$x^2 + 4x + 5 = 0$$	multiple_choice	សមីការដឺក្រេទី ២	\N	\N	\N
241	13	\N	គេឲ្យចំនួនកុំផ្លិច $$z = 4 + 3i$$។\n\nគណនាម៉ូឌុលនៃ z៖\n\n$$|z|$$	multiple_choice	ម៉ូឌុលនៃកុំផ្លិច	\N	\N	\N
242	13	\N	គេឲ្យចំនួនកុំផ្លិច $$z_1 = 1 + 2i$$ និង $$z_2 = 3 - i$$។\n\nគណនា $$z_1 \\cdot z_2$$៖	multiple_choice	ប្រមាណវិធីគុណ និងចែកចំនួនកុំផ្លិច	\N	\N	\N
243	13	\N	គេឲ្យចំនួនកុំផ្លិច $$z_1 = 2 + 3i$$ និង $$z_2 = 1 - 2i$$។\n\nគណនា $$z_1 + z_2$$៖	multiple_choice	ប្រមាណវិធីបូក ដកចំនួនកុំផ្លិច	\N	\N	\N
244	13	\N	គេឲ្យចំនួនកុំផ្លិច $$z = 3 + 4i$$។\n\nគណនាម៉ូឌុលនៃ z៖\n\n$$|z|$$	multiple_choice	និយមន័យកុំផ្លិច	\N	\N	\N
301	70	\N		multiple_choice	ជីវវិទ្យាមនុស្ស	\N	\N	\N
302	71	\N		multiple_choice	ជីវវិទ្យារុក្ខជាតិ	\N	\N	\N
303	72	\N		multiple_choice	ជីវវិទ្យាសត្វ	\N	\N	\N
304	73	\N		multiple_choice	ជីវគីមីវិទ្យា	\N	\N	\N
305	74	\N		multiple_choice	មេកានិច	\N	\N	\N
306	75	\N		multiple_choice	ទែរម៉ូឌីណាមិច	\N	\N	\N
307	76	\N		multiple_choice	អគ្គីសនី	\N	\N	\N
308	77	\N		multiple_choice	ម៉ាញេទិច	\N	\N	\N
309	78	\N		multiple_choice	រលក	\N	\N	\N
310	79	\N		multiple_choice	អុបទិក	\N	\N	\N
311	80	\N		multiple_choice	រូបវិទ្យាទំនើប	\N	\N	\N
312	81	\N		multiple_choice	រូបវិទ្យានុយក្លេអ៊ែ	\N	\N	\N
313	82	\N		multiple_choice	រូបវិទ្យាក្វង់តាំ	\N	\N	\N
\.


--
-- Data for Name: subjects; Type: TABLE DATA; Schema: public; Owner: postgres
--

COPY public.subjects (id, subject, title, english_title, icon, grade_id) FROM stdin;
1	math	គណិតវិទ្យា	Mathematics	Calculator	1
2	physics	រូបវិទ្យា	Physics	Atom	1
3	chemistry	គីមីវិទ្យា	Chemistry	FlaskConical	1
4	biology	ជីវវិទ្យា	Biology	Leaf	1
5	math	គណិតវិទ្យា	Mathematics	Calculator	2
6	physics	រូបវិទ្យា	Physics	Atom	2
7	chemistry	គីមីវិទ្យា	Chemistry	FlaskConical	2
8	biology	ជីវវិទ្យា	Biology	Leaf	2
9	math	គណិតវិទ្យា	Mathematics	Calculator	3
10	physics	រូបវិទ្យា	Physics	Atom	3
11	chemistry	គីមីវិទ្យា	Chemistry	FlaskConical	3
12	biology	ជីវវិទ្យា	Biology	Leaf	3
13	math	គណិតវិទ្យា	Mathematics	Calculator	4
14	physics	រូបវិទ្យា	Physics	Atom	4
15	chemistry	គីមីវិទ្យា	Chemistry	FlaskConical	4
16	biology	ជីវវិទ្យា	Biology	Leaf	4
\.


--
-- Data for Name: topics; Type: TABLE DATA; Schema: public; Owner: postgres
--

COPY public.topics (id, title, english_title, component, lesson_id, component_code, exercise_id) FROM stdin;
2	ប្រមាណវិធីបូក ដកចំនួនកុំផ្លិច	Complex-Operations	"[\\n  {\\n    \\"type\\": \\"tip\\",\\n    \\"props\\": {\\n      \\"title\\": \\"ក្នុងបន្ទប់ពិសោធន៍\\",\\n      \\"content\\": {\\n        \\"type\\": \\"div\\",\\n        \\"props\\": {\\n          \\"children\\": [\\n            {\\n              \\"type\\": \\"p\\",\\n              \\"props\\": {\\n                \\"children\\": {\\n                  \\"type\\": \\"text\\",\\n                  \\"value\\": \\"ដើម្បីបង្កើនល្បើនប្រតិកម្មគីមី គេប្រើកម្តៅ កំហាប់ប្រតិករនិង កាតាលីករអសរីរាង្គ។\\"\\n                }\\n              }\\n            },\\n            {\\n              \\"type\\": \\"p\\",\\n              \\"props\\": {\\n                \\"children\\": {\\n                  \\"type\\": \\"text\\",\\n                  \\"value\\": \\"កាលណាកម្តៅកាន់តែក្តៅខ្លាំង ចលនានៃការប៉ះទង្គិចរបស់ម៉ូលេគុលកាន់តែកើនឡើង។\\"\\n                }\\n              }\\n            }\\n          ]\\n        }\\n      }\\n    }\\n  },\\n  {\\n    \\"type\\": \\"tip\\",\\n    \\"props\\": {\\n      \\"title\\": \\"ក្នុងបន្ទប់ពិសោធន៍\\",\\n      \\"content\\": {\\n        \\"type\\": \\"div\\",\\n        \\"props\\": {\\n          \\"children\\": [\\n            {\\n              \\"type\\": \\"p\\",\\n              \\"props\\": {\\n                \\"children\\": {\\n                  \\"type\\": \\"text\\",\\n                  \\"value\\": \\"ដើម្បីបង្កើនល្បើនប្រតិកម្មគីមី គេប្រើកម្តៅ កំហាប់ប្រតិករនិង កាតាលីករអសរីរាង្គ។\\"\\n                }\\n              }\\n            },\\n            {\\n              \\"type\\": \\"p\\",\\n              \\"props\\": {\\n                \\"children\\": {\\n                  \\"type\\": \\"text\\",\\n                  \\"value\\": \\"កាលណាកម្តៅកាន់តែក្តៅខ្លាំង ចលនានៃការប៉ះទង្គិចរបស់ម៉ូលេគុលកាន់តែកើនឡើង។\\"\\n                }\\n              }\\n            }\\n          ]\\n        }\\n      }\\n    }\\n  },\\n  {\\n    \\"type\\": \\"example\\",\\n    \\"props\\": {\\n      \\"question\\": {\\n        \\"type\\": \\"div\\",\\n        \\"props\\": {\\n          \\"children\\": {\\n            \\"type\\": \\"InlineMath\\",\\n            \\"props\\": {\\n              \\"math\\": \\"{KClO}_{4} \\\\\\\\rightarrow {KCl} + 2{O}_{2} \\"\\n            }\\n          }\\n        }\\n      }\\n    }\\n  },\\n  {\\n    \\"type\\": \\"tip\\",\\n    \\"props\\": {\\n      \\"title\\": \\"ចំណាំ\\",\\n      \\"content\\": {\\n        \\"type\\": \\"div\\",\\n        \\"props\\": {\\n          \\"children\\": {\\n            \\"type\\": \\"p\\",\\n            \\"props\\": {\\n              \\"children\\": {\\n                \\"type\\": \\"text\\",\\n                \\"value\\": \\"ក្នុងសារពាង្គកាយ មានប្រតិកម្មគីមីជីវះជាច្រើន ដើម្បីបង្កើនល្បើនប្រតិកម្មគីមីជីវះទាំងនោះ ត្រូវការអង់សុីមទើបដំណើរការអាចប្រព្រឹត្តទៅបាន។\\"\\n              }\\n            }\\n          }\\n        }\\n      }\\n    }\\n  },\\n  {\\n    \\"type\\": \\"example\\",\\n    \\"props\\": {\\n      \\"question\\": {\\n        \\"type\\": \\"div\\",\\n        \\"props\\": {\\n          \\"children\\": [\\n            {\\n              \\"type\\": \\"p\\",\\n              \\"props\\": {\\n                \\"children\\": {\\n                  \\"type\\": \\"text\\",\\n                  \\"value\\": \\"- ក្នុងលំនាំរំលាយអាហារ បំបែកអាមីដុង លីពីត ប្រូតេអុីនអោយទៅជាសារធាតុចិញ្ចឹមងាយ ក្រោមអំពើអង់សុីម។\\"\\n                }\\n              }\\n            },\\n            {\\n              \\"type\\": \\"p\\",\\n              \\"props\\": {\\n                \\"children\\": [\\n                  {\\n                    \\"type\\": \\"text\\",\\n                    \\"value\\": \\"- ក្នុងថ្លើមមានអង់សុីមកាតាឡាស ដែរមាននាទីបំបែកទឺកអុកសុីសែន (\\"\\n                  },\\n                  {\\n                    \\"type\\": \\"InlineMath\\",\\n                    \\"props\\": {\\n                      \\"math\\": \\"H_2O_2\\"\\n                    }\\n                  },\\n                  {\\n                    \\"type\\": \\"text\\",\\n                    \\"value\\": \\") ដោlsយទៅជាទឹកនិងអុកសុីសែន។\\"\\n                  }\\n                ]\\n              }\\n            }\\n          ]\\n        }\\n      }\\n    }\\n  }\\n]"	1	const content: TopicContent_V3[] = [\n  {\n    type: "tip",\n    title: "ក្នុងបន្ទប់ពិសោធន៍",\n    content: (\n      <div>\n        <p>ដើម្បីបង្កើនល្បើនប្រតិកម្មគីមី គេប្រើកម្តៅ កំហាប់ប្រតិករនិង កាតាលីករអសរីរាង្គ។</p>\n        <p>កាលណាកម្តៅកាន់តែក្តៅខ្លាំង ចលនានៃការប៉ះទង្គិចរបស់ម៉ូលេគុលកាន់តែកើនឡើង។</p>\n\n      </div>\n\n    ),\n  },\n  {\n    type: "tip",\n    title: "ក្នុងបន្ទប់ពិសោធន៍",\n    content: (\n      <div>\n        <p>ដើម្បីបង្កើនល្បើនប្រតិកម្មគីមី គេប្រើកម្តៅ កំហាប់ប្រតិករនិង កាតាលីករអសរីរាង្គ។</p>\n        <p>កាលណាកម្តៅកាន់តែក្តៅខ្លាំង ចលនានៃការប៉ះទង្គិចរបស់ម៉ូលេគុលកាន់តែកើនឡើង។</p>\n\n      </div>\n\n    ),\n  },\n  {\n    type: "example",\n    question: (\n      <div>\n        <InlineMath math={String.raw`{KClO}_{4} \\rightarrow {KCl} + 2{O}_{2} `} />\n\n      </div>\n    ),\n  },\n  {\n    type: "tip",\n    title: "ចំណាំ",\n    content: (\n      <div>\n        <p>ក្នុងសារពាង្គកាយ មានប្រតិកម្មគីមីជីវះជាច្រើន ដើម្បីបង្កើនល្បើនប្រតិកម្មគីមីជីវះទាំងនោះ ត្រូវការអង់សុីមទើបដំណើរការអាចប្រព្រឹត្តទៅបាន។</p>\n      </div>\n\n    ),\n  },\n  {\n    type: "example",\n    question: (\n      <div>\n        <p>- ក្នុងលំនាំរំលាយអាហារ បំបែកអាមីដុង លីពីត ប្រូតេអុីនអោយទៅជាសារធាតុចិញ្ចឹមងាយ ក្រោមអំពើអង់សុីម។</p>\n        <p>- ក្នុងថ្លើមមានអង់សុីមកាតាឡាស ដែរមាននាទីបំបែកទឺកអុកសុីសែន (<InlineMath math={String.raw`H_2O_2`} />) ដោlsយទៅជាទឹកនិងអុកសុីសែន។</p>\n      </div>\n    ),\n  },\n];	\N
367	លំហាត់កុំផ្លិច	complex exercise	[]	1		13
19	លំហាត់អនុវត្ត	practice	[]	2		\N
20	និយមន័យដេរីវេ	derivative-definition	[]	3		\N
29	រូបមន្តអាំងតេក្រាល	Integral-formular	[]	4		\N
21	រូបមន្តដេរីវេ	derivative-rules	[]	3		\N
22	ដេរីវេពីជគណិត	derivative-geometric	[]	3		\N
23	ដេរីវេអនុគមន៍ត្រីកោណមាត្រ	derivative-trigonometric	[]	3		\N
24	ដេរីវេអនុគមន៍អុិចស្បូណង់ស្យែល	derivative-exponential	[]	3		\N
25	ដេរីវេឡូការីតនេពែ	derivative-logarithmic	[]	3		\N
26	ដេរីវេឡូលំដាប់ខ្ពស់	derivative-high-level	[]	3		\N
27	លំហាត់អនុវត្ត	derivative-practice	[]	3		\N
28	និយមន័យអាំងតេក្រាល	Integral-definition	[]	4		\N
268	បំលែងវិល	Rotation	[]	66		\N
1	និយមន័យកុំផ្លិច	Complex-Definition	[{"type": "definition", "props": {"title": "តើចំនួនកុំផ្លិចជាអ្វី?", "content": {"type": "div", "props": {"children": [{"type": "text", "value": "ចំនួនកុំផ្លិចមានរាង "}, {"type": "InlineMath", "props": {"math": "z = a + bi"}}]}}}}, {"type": "tip", "props": {"title": "ចំណាំ", "content": {"type": "div", "props": {"children": [{"type": "text", "value": "i គឺ "}, {"type": "InlineMath", "props": {"math": "i^2 = -1"}}]}}}}, {"type": "example", "props": {"steps": [{"title": "បូកផ្នែកពិត", "content": {"type": "InlineMath", "props": {"math": "2+1=3"}}}, {"title": "បូកផ្នែកនិមិត្ត", "content": {"type": "InlineMath", "props": {"math": "3i+(-2i)=i"}}}], "answer": {"type": "InlineMath", "props": {"math": "3 + i"}}, "question": {"type": "span", "props": {"children": [{"type": "text", "value": "គណនា "}, {"type": "InlineMath", "props": {"math": "(2+3i) + (1-2i)"}}]}}}}, {"type": "exercise", "props": {"questions": [{"id": "q1", "options": [{"type": "text", "value": "1"}, {"type": "text", "value": "-1"}, {"type": "text", "value": "i"}, {"type": "text", "value": "2i"}], "question": {"type": "span", "props": {"children": [{"type": "text", "value": "តើ "}, {"type": "InlineMath", "props": {"math": "i^2"}}, {"type": "text", "value": " ស្មើអ្វី?"}]}}, "correctAnswer": 1}]}}, {"type": "hint", "props": {"content": {"type": "div", "props": {"children": [{"type": "text", "value": "ចងចាំថា "}, {"type": "InlineMath", "props": {"math": "\\\\\\\\overline{a+bi}=a-bi"}}, {"type": "LucideIcon", "props": {"name": "Calculator", "size": 16, "color": "red"}}, {"type": "LucideIcon", "props": {"name": "Calculator", "size": 16, "color": "red"}}, {"type": "LucideIcon", "props": {"name": "Calculator", "size": 16, "color": "red"}}]}}}}, {"type": "warning", "props": {"content": "កុំបន្លំ a និង b ជាមួយគ្នា"}}, {"type": "custom", "props": {"title": "ប្លុកផ្ទាល់ខ្លួន", "content": {"type": "div", "props": {"children": {"type": "text", "value": "ខ្លឹមសារតាមតម្រូវការ"}}}, "borderColor": "border-gray-200", "backgroundColor": "bg-white"}}, {"type": "threeD", "props": {"src": "/test.glb", "title": "គំរូ 3D", "height": 300, "content": "ការពន្យល់អំពីរូបភាព 3D"}}, {"type": "graph", "props": {"expressions": [{"id": "1", "color": "#2563eb", "latex": "y=x^2"}, {"id": "2", "color": "#dc2626", "latex": "y=2x+1"}]}}, {"type": "imageExplanation", "props": {"src": "/triangle.png", "title": "រូបភាព", "imageAlt": "រូបភាព", "explanation": "នេះជាការពន្យល់អំពីរូបភាព"}}, {"type": "videoExplanation", "props": {"src": "/test.mp4", "videoTitle": "វីដេអូ", "explanation": "ពន្យល់អំពីវីដេអូ"}}, {"type": "graphExplanation", "props": {"explanation": {"type": "div", "props": {"children": [{"type": "text", "value": "ក្រាប "}, {"type": "InlineMath", "props": {"math": "y=\\\\\\\\sin(x)"}}, {"type": "text", "value": " មានរយៈពេល "}, {"type": "InlineMath", "props": {"math": "2\\\\\\\\pi"}}]}}, "expressions": [{"id": "1", "color": "#16a34a", "latex": "y=\\\\sin(x)"}]}}, {"type": "threeDExplanation", "props": {"src": "/plant-cell.glb", "height": 600, "explanation": "ការពន្យល់អំពីគំរូ 3D"}}]	1	const content: TopicContent_V3[] = [\n    {\n        type: "definition",\n        title: "តើចំនួនកុំផ្លិចជាអ្វី?",\n        content: (\n            <div>\n                ចំនួនកុំផ្លិចមានរាង <InlineMath math="z = a + bi" />\n            </div>\n        ),\n    },\n    {\n        type: "tip",\n        title: "ចំណាំ",\n        content: (\n            <div>\n                i គឺ <InlineMath math="i^2 = -1" />\n            </div>\n        ),\n    },\n    {\n        type: "example",\n        question: (\n            <span>\n                គណនា <InlineMath math="(2+3i) + (1-2i)" />\n            </span>\n        ),\n        steps: [\n            { title: "បូកផ្នែកពិត", content: <InlineMath math="2+1=3" /> },\n            { title: "បូកផ្នែកនិមិត្ត", content: <InlineMath math="3i+(-2i)=i" /> },\n        ],\n        answer: <InlineMath math="3 + i" />,\n    },\n    {\n        type: "exercise",\n        questions: [\n            {\n                id: "q1",\n                question: (\n                    <span>\n                        តើ <InlineMath math="i^2" /> ស្មើអ្វី?\n                    </span>\n                ),\n                options: ["1", "-1", "i", "2i"],\n                correctAnswer: 1,\n            },\n        ],\n    },\n    {\n        type: "hint",\n        content: (\n            <div>\n                ចងចាំថា <InlineMath math="\\\\overline{a+bi}=a-bi" />\n                <Calculator size={16} color="red"></Calculator>\n                <Calculator size={16} color="red"></Calculator>\n                <Calculator size={16} color="red"></Calculator>\n            </div>\n        ),\n    },\n    { type: "warning", content: "កុំបន្លំ a និង b ជាមួយគ្នា" },\n    {\n        type: "custom",\n        title: "ប្លុកផ្ទាល់ខ្លួន",\n        content: <div>ខ្លឹមសារតាមតម្រូវការ</div>,\n        backgroundColor: "bg-white",\n        borderColor: "border-gray-200",\n    },\n    {\n        type: "threeD",\n        src: "/test.glb",\n        title: "គំរូ 3D",\n        content: "ការពន្យល់អំពីរូបភាព 3D",\n        height: 300,\n    },\n    {\n        type: "graph",\n        expressions: [\n            { id: "1", latex: "y=x^2", color: "#2563eb" },\n            { id: "2", latex: "y=2x+1", color: "#dc2626" },\n        ],\n    },\n    {\n        type: "imageExplanation",\n        src: "/triangle.png",\n        imageAlt: "រូបភាព",\n        explanation: "នេះជាការពន្យល់អំពីរូបភាព",\n        title: "រូបភាព",\n    },\n    {\n        type: "videoExplanation",\n        src: "/test.mp4",\n        videoTitle: "វីដេអូ",\n        explanation: "ពន្យល់អំពីវីដេអូ",\n    },\n    {\n        type: "graphExplanation",\n        expressions: [{ id: "1", latex: "y=\\\\sin(x)", color: "#16a34a" }],\n        explanation: (\n            <div>\n                ក្រាប <InlineMath math="y=\\\\sin(x)" /> មានរយៈពេល <InlineMath math="2\\\\pi" />\n            </div>\n        ),\n    },\n    {\n        type: "threeDExplanation",\n        src: "/plant-cell.glb",\n        explanation: "ការពន្យល់អំពីគំរូ 3D",\n        height: 600,\n    },\n];	\N
30	អាំងតេក្រាលមិនកំណត់	indefinite	[]	4		\N
31	អាំងតេក្រាលកំណត់	definite	[]	4		\N
32	លំហាត់អនុវត្ត	Integral-practice	[]	4		\N
33	និយមន័យសមីការឌីផេរ៉ង់សែ្យល	Differential-equation-definition	[]	5		\N
34	សមីការឌីផែរ៉ង់ស្សែលលីនែអ៌ែរលំដាប់១មានមេគុណថេរ	Linear-differential-equation-homogeneous-order-1	[]	5		\N
35	សមីការឌីផែរ៉ង់ស្សែលលីនែអ៌ែរលំដាប់២មានមេគុណថេរ	Linear-differential-equation-homogeneous-order-2	[]	5		\N
36	សមីការឌីផែរ៉ង់ស្សែលលីនែអ៌ែរលំដាប់ទូទៅមានមេគុណថេរ	General-linear-differential-equation-homogeneous	[]	5		\N
37	សមីការឌីផែរ៉ង់ស្សែលទម្រង់ផ្សេងៗ	differential-equation	[]	5		\N
38	លំហាត់អនុវត្ត	Differential-practice	[]	5		\N
39	គោលការណ៍របាប់	CountingPrinciple	[]	6		\N
40	និយមន័យប្រូបាប	Probability-Definition	[]	6		\N
41	ប្រូបាបចម្លាស់	Probability-Permutation	[]	6		\N
42	ប្រូបាបបន្សំ	Probability-Combination	[]	6		\N
45	និយមន័យវ៉ិចទ័រ	Vector-definition	[]	7		\N
46	កូអរដោនេនៃវ៉ិចទ័រក្នុងលំហ	2D-Vector-coordinates	[]	7		\N
47	ផ្ទៃក្រឡា	Shape-area	[]	7		\N
48	មាឌ	Volume	[]	7		\N
49	សមីការ	Vector-Equations	[]	7		\N
50	លំហាត់អនុវត្ត	Vector-practice	[]	7		\N
51	និយមន័យកោនិក	Conic-definition	[]	8		\N
52	ប៉ារ៉ាបូល	Parabola	[]	8		\N
53	អេលីប	Ellipse	[]	8		\N
54	អុីពែបូល	Hyperbola	[]	8		\N
55	លំហាត់អនុវត្ត	Conic-Practice	[]	8		\N
56	និយមន័យអនុគមន៍	Function-Definition	[]	9		\N
57	អនុគមន៍សនិទាន	Polynomial-Function	[]	9		\N
58	អនុគមន៍អិចស្បូណង់ស្យែល	Exponential-Function	[]	9		\N
59	អនុគមន៍ឡូការីត	Logarithmic-Function	[]	9		\N
60	សមីការ	Equation-Function	[]	9		\N
61	ប្លង់សិក្សាអនុគមន៍	Function-Analysis-Plan	[]	9		\N
62	លំហាត់អនុវត្ត	Function-Practice	[]	9		\N
63	ទ្រឹស្តីសុីនេទិច	KineticTheory	[]	10		\N
64	ច្បាប់ទីមួយទែម៉ូឌីណាមិច	FirstLawofThermodynamics	[]	10		\N
65	ម៉ាសុីន	Heat-Engines	[]	10		\N
66	លំហាត់អនុវត្តន៍	thermodynamics-practice	[]	10		\N
67	គោលការណ៍រលកតម្រួតនៃរលក និងរលកជញ្រ្ចុំ	wave-principle	[]	11		\N
68	លំហាត់អនុវត្តន៍	wave-practice	[]	11		\N
69	ដែននិងកម្លាំងម៉ាញេទិច	magneticField	[]	12		\N
70	អាំងឌុចស្យុងអេឡិចត្រូម៉ាញេទិច	Electromagnetic-Induction	[]	12		\N
71	អូតូអាំងឌុចស្យុង	AutoElectromagneticInduction	[]	12		\N
72	សៀគ្វីចរន្តឆ្លាស់	AlternatingCurrentCircuits	[]	12		\N
73	លំហាត់អនុវត្តន៍	electromagneticmagnetismpractice	[]	12		\N
74	ល្បឿនប្រតិកម្មគីមី	RateChemicalReaction	[]	13		\N
75	កត្តាជិះឥទ្ធិពលលេីល្បឿនប្រតិកម្ម	FactorsAffectingtheRateofReaction	[]	13		\N
76	លំហាត់អនុវត្តន៍	ChemicaPractice	[]	13		\N
77	សមាសធាតុសូលូស្យុងក្នុងទឹក	AqueousSolutions	[]	14		\N
78	កម្លាំងអន្តរម៉ូលេគុល	intermolecular-forces	[]	14		\N
79	តារាងសមាសធាតុ	ChemisTables	[]	14		\N
80	លំហាត់អនុវត្តន៍	AqueousPractice	[]	14		\N
81	ទ្រឹស្តីអាសុីតបាស	acid-base-theory	[]	15		\N
82	ប្រតិកម្មអាសុីតបាស	acid-base-reactions	[]	15		\N
83	សូលុយស្យុងក្នុងទឹកនិង ph	aqueous-solutions-and-ph	[]	15		\N
84	អត្រាកម្មអាសុីត-បាស	Acid_base_titration	[]	15		\N
85	តារាងសមាសធាតុ	Acid-Base-Table	[]	15		\N
86	លំហាត់អនុវត្តន៍	Acid_base_practice	[]	15		\N
87	ធម្មជាតិនៃលំនឹងគីមី	nature-of-chemical-equilibrium	[]	16		\N
88	ការរំកិលលំនឹង	shift-in-equilibrium	[]	16		\N
89	លំនឹងនៃអាសុីត បាស និងអំបិល	Equilibrium_Acid_Base_Salt	[]	16		\N
90	លំហាត់អនុវត្តន៍	EquilibriumPractice	[]	16		\N
91	អេស្ទែ ខ្លាញ់និងប្រេង	Ester_fats_and_oils	[]	17		\N
92	ស្រលាយអាលីផាទិចអាសូត	aliphatic_acid_derivatives	[]	17		\N
93	សមាសធាតុប្រហេីរ	inorganic_compounds	[]	17		\N
94	លំហាត់អនុវត្តន៍	OrganicPractice	[]	17		\N
95	ប្រភេទនៃស៊ីមណូស្ពែម	gymnosperms-types	[]	18		\N
96	សរីរាង្គលូតលាស់	gymnosperms-vegetative-organs	[]	18		\N
97	សរីរាង្គបន្តពូជ	gymnosperms-reproductive-organs	[]	18		\N
98	វដ្តជីវិតស៊ីមណូស្ពែម	gymnosperms-life-cycle	[]	18		\N
99	សរីរាង្គលូតលាស់	angiosperms-vegetative-organs	[]	19		\N
100	សរីរាង្គបន្តពូជ	angiosperms-reproductive-organs	[]	19		\N
101	ដំណើរលំអង	angiosperms-pollination-process	[]	19		\N
102	ការបន្តពូជរបស់អង់ស្យូស្ពៃម	angiosperms-reproduction	[]	19		\N
103	វដ្តជីវិតរបស់រុក្ខជាតិមានផ្កា	angiosperms-flowering-plants-life-cycle	[]	19		\N
104	ប្រៀបធៀបម៉ូណូកូទីលេដូននិងឌីកូទីលេដូន	angiosperms-monocot-dicot-comparison	[]	19		\N
105	ផលប្រយោជន៍របស់រុក្ខជាតិមានគ្រាប់	angiosperms-seed-plants-benefits	[]	19		\N
106	តម្រូវប្រសាទសត្វឥតឆ្អឹងកង	nervous-system-invertebrates	[]	20		\N
107	តម្រូវប្រសាទសត្វឆ្អឹងកង	nervous-system-vertebrates	[]	20		\N
108	នាទីប្រព័ន្ធប្រសាទ	nervous-system-function	[]	20		\N
109	ណឺរ៉ូន (ឬកោសិកាប្រសាទ)	neuron-nerve-cell	[]	20		\N
110	ខួរក្បាល	central-nervous-system	[]	20		\N
111	ខួរធំ	brain	[]	20		\N
112	ខួរតូច	smallbrain	[]	20		\N
113	ខួរឆ្អឹងខ្នង	spinal-cord	[]	20		\N
114	បរិមណ្ឌលប្រសាទ	peripheral-nervous-system	[]	20		\N
115	ថ្នាំនិងប្រព័ន្ធប្រសាទ	nervous-system-and-drugs	[]	20		\N
116	ចក្ខុវិញ្ញាណ	visual-sense-sight	[]	21		\N
117	សោតវិញ្ញាណ	auditory-sense-hearing	[]	21		\N
118	ឃានវិញ្ញាណ	olfactory-sense-smell	[]	21		\N
119	ជិវ្ហាវិញ្ញាណ	gustatory-sense-taste	[]	21		\N
120	កាយវិញ្ញាណ	tactile-sense-touch	[]	21		\N
122	អរម៉ូន	hormone	[]	22		\N
123	ការត្រួតពិនិត្យនៃប្រព័ន្ធអង់ដូគ្រីន	control-of-endocrine-system	[]	22		\N
124	អីប៉ូតាឡាមុស	hypothalamus	[]	22		\N
125	ក្រពេញអីប៉ូភីស	hypophysis-pituitary-gland	[]	22		\N
126	ក្រពេញទីរ៉ូអ៊ុត	thyroid-gland	[]	22		\N
127	ក្រពេញប៉ារ៉ាទីវ៉ូអ៊ុត	parathyroid-gland	[]	22		\N
128	ក្រពេញលើតម្រងនោម	adrenal-glands	[]	22		\N
129	លំពែង	pancreas	[]	22		\N
130	ក្រពេញភេទ	gonads-sex-glands	[]	22		\N
131	ក្រពេញទីមុស	thymus-gland	[]	22		\N
132	ក្រពះនិងពោះវៀនតូច	stomach-and-small-intestine	[]	22		\N
133	ទម្រង់អាស៊ីតអាមីណេ	forms-of-amino-acids	[]	23		\N
134	ប្រភេទផ្សេងៗនៃអាស៊ីតអាមីណេ	different-types-of-amino-acids	[]	23		\N
135	ប៉ិបទីត	peptide	[]	23		\N
136	រូបផ្គុំរបស់ប្រូតេអ៊ីន	structure-of-protein	[]	24		\N
137	នាទីរបស់ប្រូតេអ៊ីន	function-of-protein	[]	24		\N
138	ការបាត់បង់គុណភាពរបស់ប្រូតេអ៊ីន	protein-denaturation	[]	24		\N
139	អ្វីជាអង់ស៊ីម?	what-is-enzyme	[]	25		\N
140	ចំណែកថាក់របស់អង់ស៊ីម	enzyme-function	[]	25		\N
141	លក្ខណៈរបស់អង់ស៊ីម	characteristics-of-enzymes	[]	25		\N
142	សមាសធាតុគីមីនៃព័ត៏មានសេនេទិច	chemical-composition-of-genetic-information	[]	26		\N
143	ទម្រង់ម៉ូលេគុល ADN	molecular-form-of-dna	[]	26		\N
214	អគ្គិសនីវិភាគ	Electrolysis	[]	44		\N
144	ស្វ័យដំឡើងទ្វេ ADN	quantity-of-dna-in-cell	[]	26		\N
145	រូបមន្តសង្ខេប	summary-of-dna-replication	[]	26		\N
146	សំណួរ & លំហាត់	dna-self-replication	[]	26		\N
147	ភាពត្រូវគ្នានិងខុសគ្នានៃ ADN និងប្រូតេអ៊ីន	dna-protein-comparison	[]	27		\N
148	ការចម្លងព័ត៍មានសេនេទិច	genetic-information-replication	[]	27		\N
149	ក្រមសេនេទិច	genetic-code	[]	27		\N
150	ចលនការចម្លងក្រម	transcription-process	[]	27		\N
151	ការបកប្រែក្រម	code-translation	[]	27		\N
152	ចលនការបកប្រែក្រម	translation-process	[]	27		\N
153	តម្រូវនៃការសំដែងផេណូទីប	requirements-for-phenotypic-expression	[]	27		\N
154	រូបមន្តការសម្តែងចេញនៃសេន	GeneticFormular	[]	27		\N
155	សំណួរ & លំហាត់	GeneticPractice	[]	27		\N
156	ការបង្កាត់ជ្រើសចំពោះរុក្ខជាតិ	selective-breeding-plants	[]	28		\N
157	ការបង្កាត់ជ្រើសចំពោះសត្វ	selective-breeding-animals	[]	28		\N
158	កូនរុក្ខជាតិ	plant-offspring	[]	28		\N
159	កូនសត្វ	animal-offspring	[]	28		\N
160	ប៉ូលីប្តូស៊ីឌី	polyploidy	[]	28		\N
161	ដំណាក់កាលផ្សេងៗនៃបន្ទេរសែន	stages-of-gene-transfer	[]	28		\N
162	ឧទាហរណ៍ផ្សេងៗក្នុងបន្ទេរសែន	examples-in-gene-transfer	[]	28		\N
163	វិស្វកម្មសេនេទិចក្នុងវិស័យ	genetic-engineering-in-field	[]	28		\N
164	គ្រោះថ្នាក់	dangers	[]	28		\N
165	ការសង្កេតរបស់ដាវិន	darwins-observations	[]	29		\N
166	ភាវៈរស់នៅប្រជុំកោះកាឡាប៉ាកូស	organisms-galapagos-islands	[]	29		\N
167	ការវិវត្ត	evolution	[]	29		\N
168	ជម្រើសដោយធម្មជាតិ	natural-selection	[]	29		\N
169	កំណផូសុីល	fossil-formation	[]	30		\N
170	ការកំណត់អាយុផូសុីល	fossil-dating	[]	30		\N
171	សារសំខាន់នៃផូសុីល	important-properties-of-fossil	[]	30		\N
172	ស្វីតចំនួនពិត	real-number-sequences	[]	31		\N
173	ស្វីតនព្វន្ត	arithmetic-sequences	[]	31		\N
174	ស្វ៊ីតធរណីមាត្រ	geometric-sequences	[]	31		\N
175	អនុគមន៍អិចស្ប៉ូណង់ស្យែល	exponential-functions	[]	32		\N
176	អនុគមន៍លោការីត	logarithmic-functions	[]	32		\N
177	អនុគមន៍ត្រីកោណមាត្រ	trigonometric-functions	[]	33		\N
178	រូបមន្តត្រីកោណមាត្រ	trigonometric-formulas	[]	33		\N
179	សមីការនិងវិសមីការត្រីកោណមាត្រ	trigonometric-equations-and-inequalities	[]	33		\N
180	ម៉ាទ្រីស	matrices	[]	34		\N
181	ដេទែរមីណង់	determinants	[]	34		\N
182	លីមីតនិងដេរីវេ	limits-and-derivatives	[]	35		\N
183	អនុវត្តន៍នៃដេរីវេ	applications-of-derivatives	[]	35		\N
184	អថិរភាពនិងក្រាបនៃអនុគមន៍	variations-and-graphs-of-functions	[]	35		\N
186	ការបែងចែកទិន្នន័យជាភាគរយ	data-distribution-in-percentages	[]	37		\N
187	រង្វាស់នៃគម្លាត	measures-of-dispersion	[]	37		\N
188	គំនូសតាងបំណែងចែក	distribution-charts	[]	37		\N
189	ចលនាក្នុងប្លង់	motion-in-a-plane	[]	38		\N
190	អនុវត្តច្បាប់ញូតុន	applying-newtons-laws	[]	38		\N
191	ទំនាញ	gravity	[]	38		\N
192	បរិមាណចលនានិងអាំពុលស្យុង	momentum-and-impulse	[]	38		\N
193	ច្បាប់រក្សាថាមពល	law-of-conservation-of-energy	[]	38		\N
194	លំនឹងនិងភាពយឺត	equilibrium-and-elasticity	[]	38		\N
195	ឌីណាមិចនៃចលនារង្វិល	dynamics-of-rotational-motion	[]	38		\N
196	សន្ទនីយឌីណាមិច	fluid-dynamics	[]	38		\N
197	សីតុណ្ហភាពនិងកម្ដៅ	temperature-and-heat	[]	39		\N
198	លក្ខណៈកម្ដៅនៃរូបធាតុ	thermal-properties-of-matter	[]	39		\N
199	ចលនាខួប	periodic-motion	[]	40		\N
200	រលក	waves	[]	40		\N
201	សួរ	sound	[]	40		\N
202	បន្ទុកអគ្គិសនីនិងដែនអគ្គិសនី	electric-charge-and-electric-field	[]	41		\N
215	ថាមពលគីមី	Chemical-Energy	[]	45		\N
121	ក្រពេញ	gland	[]	22		\N
203	ប៉ូតង់ស្យែលនិងថាមពលប៉ូតង់ស្យែលអគ្គិសនី	electric-potential-and-electric-potential-energy	[]	41		\N
204	កុងដង់សាទ័រ	capacitors	[]	41		\N
205	ចរន្តអគ្គិសនី រេស៊ីស្តង់ និងកម្លាំងអគ្គិសនីចលករ	electric-current-resistance-and-electromotive-force	[]	41		\N
206	រូបមន្តនិងសមីការគីមី	Chemical-Formulas-and-Equations	[]	42		\N
207	ចំនួនម៉ូល	Number-of-Moles	[]	42		\N
208	លក្ខណៈលោហៈ	Properties-of-Metals	[]	43		\N
209	យោបកលោហៈ	Metallurgy	[]	43		\N
210	ប្រតិកម្មអុកស៊ីតកម្ម-រេដុកម្មក្នុងសូលុយស្យុងទឹក	Oxidation-Reduction-Reactions-in-Aqueous-Solutions	[]	44		\N
211	ប៉ូតង់ស្យែលអុកស៊ីដូរេដុកម្ម	Oxidation-Reduction-Potential	[]	44		\N
212	ចំនួនអុកស៊ីតកម្ម	Oxidation-Number	[]	44		\N
213	ថ្មពិលអេឡិចត្រូគីមី	Electrochemical-Cells	[]	44		\N
216	កម្ដៅប្រតិកម្ម	Heat-of-Reaction	[]	45		\N
217	អាម៉ូញ៉ាក់	Ammonia	[]	46		\N
218	អាស៊ីតស៊ុលផួរិច	Sulfuric-Acid	[]	46		\N
219	សមាសធាតុកាល់ស្យូម	Calcium-Compounds	[]	46		\N
220	ធរណីមាត្រនៃម៉ូលេគុល	Molecular-Geometry	[]	47		\N
221	រូបសណ្ឋាននិងទ្រង់ទ្រាយនៃម៉ូលេគុល	Conformation-and-Configuration-of-Molecules	[]	47		\N
222	អាល់កុលនិងអេទែ	Alcohols-and-Ethers	[]	48		\N
223	អាល់ដេអ៊ុតនិងសេតូន	Aldehydes-and-Ketones	[]	48		\N
224	អាស៊ីតកាបុកស៊ីលិច	Carboxylic-Acids	[]	48		\N
225	សមាសធាតុគីមីក្នុងកោសិកា	Chemical-Composition-of-Cells	[]	49		\N
226	រូបផ្តុំនិងនាទីកោសិកា	Cell-Structure-and-Function	[]	49		\N
227	ដំណុះដំណាលកោសិកានិងរូបផ្តុំសារពាង្គកាយរស់	Cell-Development-and-Organization-of-Living-Organisms	[]	49		\N
228	កំណកោសិកាបន្តពូជ	Reproductive-Cells	[]	50		\N
229	ការលូតលាស់របស់អំប្រ៊ីយ៉ុង	Embryonic-Development	[]	50		\N
230	ច្បាប់តំណពូជ	Principles-of-Heredity	[]	51		\N
231	ក្រូម៉ូសូម	Chromosomes	[]	51		\N
232	អាហារ	Nutrition	[]	52		\N
233	ការរំលាយអាហារ	Digestion	[]	52		\N
234	បណ្តូរឧស្ម័នរបស់សត្វ	Gas-Exchange-in-Animals	[]	53		\N
235	ការបញ្ចេញចោល	Excretion	[]	53		\N
236	របត់ឈាមនិងភាពស៊ាំ	Blood-Circulation-and-Immunity	[]	54		\N
237	ថេរលំនឹង	Homeostasis	[]	54		\N
238	ជាលិការុក្ខជាតិ	Plant-Tissues	[]	55		\N
239	ប្ញស	Roots	[]	55		\N
240	ដើមនិងស្លឹក	Stems-and-Leaves	[]	55		\N
241	ការប្រយុទ្ធប្រឆាំងនឹងជំងឺ	Disease-Prevention-and-Control	[]	56		\N
242	អាហារនិងសុខភាព	Nutrition-and-Health	[]	56		\N
243	តក្កវិទ្យា	Logic	[]	57		\N
244	សំណុំ	Sets	[]	57		\N
245	ចំនួន	Numbers	[]	57		\N
246	ពហុធា	Polynomials	[]	58		\N
247	ប្រមាណវិធីចែកពហុធា	Polynomial-Division-Operations	[]	58		\N
248	សមីការដឺក្រេទី 2មានមួយអញ្ញាតិ	Quadratic-Equations-with-One-Variable	[]	59		\N
249	ប្រព័ន្ធសមីការដឺក្រេលំដាប់ខ្ពស់	Systems-of-Higher-Degree-Equations	[]	59		\N
250	វិសមីការ	Inequalities	[]	59		\N
251	កូអរដោនេនៃចំណុច	Coordinates-of-a-Point	[]	60		\N
252	សមីការបន្ទាត់	Equation-of-a-Line	[]	60		\N
253	សមីការរង្វង់	Equation-of-a-Circle	[]	60		\N
254	ដំណោះស្រាយវិសមីការតាមក្រាប	Graphical-Solutions-of-Inequalities	[]	60		\N
255	អនុគមន៍ និងក្រាបនៃអនុគមន៍	Functions-and-Graphs-of-Functions	[]	61		\N
256	អនុគមន៍ដឺក្រេទី 2 និងក្រាបរបស់វា	Quadratic-Functions-and-Their-Graphs	[]	61		\N
257	អនុគមន៍សនិទាន អនុគមន៍អសនិទាន	Rational-Functions-Irrational-Functions	[]	61		\N
258	ផលធៀបត្រីកោណមាត្រ	Trigonometric-Ratios	[]	62		\N
259	ការអនុវត្តនៃផលធៀបត្រីកោណមាត្រ	Application-of-Trigonometric-Ratios	[]	62		\N
260	បំណែងចែកប្រេកង់និងការតាងក្រាប	Frequency-Distribution-and-Graphing	[]	63		\N
261	រង្វាស់ទីតាំង	Measures-of-Position	[]	63		\N
262	ចម្លាស់	Permutations	[]	64		\N
263	បន្សំ	Combinations	[]	64		\N
264	វ៉ិចទ័រនិងប្រមាណវិធីលើវ៉ិចទ័រ	Vectors-and-Operations-on-Vectors	[]	65		\N
265	ការអនុវត្តនៃវ៉ិចទ័រ	Application-of-Vectors	[]	65		\N
266	បំលែងកិល	Translation	[]	66		\N
267	បំលែងឆ្លុះ	Reflection	[]	66		\N
185	ប្រូបាប	probability	[]	36		\N
43	ប្រូបាបនៃព្រឹត្តការណ៍សមាស	ProbabCompound	[]	6		\N
44	លំហាត់អនុវត្ត	Probability-Practice	[]	6		\N
269	បំលែងចាំង	Dilation	[]	66		\N
270	រូបធរណីមាត្រក្នុងលំហ	Geometric-Figures-in-Space	[]	67		\N
271	បន្ទាត់និងប្លង់ស្របក្នុងលំហ	Parallel-Lines-and-Planes-in-Space	[]	67		\N
272	ភាពអរតួកូណាល់ក្នុងលំហ	Orthogonality-in-Space	[]	67		\N
273	ចលនាត្រង់	Rectilinear-Motion	[]	68		\N
274	ច្បាប់ចលនារបស់ញូតុន	Newtons-Laws-of-Motion	[]	68		\N
275	កម្មន្ត ថាមពល និងអានុភាព	Work-Energy-and-Power	[]	68		\N
276	សម្ពាធនៃសន្ទនីយស្តាទិច	Pressure-of-Static-Fluids	[]	68		\N
277	សីតុណ្ហភាព	Temperature	[]	69		\N
278	ទ្រឹស្តីស៊ីនេទិចនៃរូបធាតុ	Kinetic-Theory-of-Matter	[]	69		\N
279	កម្ដៅ	Heat	[]	69		\N
280	អេឡិចត្រូស្តាទិច	Electrostatics	[]	70		\N
281	ចរន្តជាប់និងម៉ាញេទិច	Direct-Current-and-Magnetism	[]	70		\N
282	ចរន្តឆ្លាស់	Alternating-Current	[]	70		\N
283	ធម្មជាតិនិងដំណាលនៃពន្លឺ	Nature-and-Propagation-of-Light	[]	71		\N
284	ឡង់ទី	Lenses	[]	71		\N
285	ការបំប្លែងថាមពលដែលមានប្រភពខុសៗគ្នាឱ្យទៅជាថាមពលអគ្គិសនី	Conversion-of-Energy-from-Different-Sources-into-Electrical-Energy	[]	72		\N
286	ការបំប្លែងថាមពលអគ្គិសនីឱ្យទៅជាថាមពលផ្សេងៗ	Conversion-of-Electrical-Energy-into-Other-Forms-of-Energy	[]	72		\N
287	ទ្រឹស្តីអាតូម	Atomic-Theory	[]	73		\N
288	ទម្រង់អាតូម	Atomic-Structure	[]	73		\N
289	លក្ខណៈនៃតារាងខួប	Characteristics-of-the-Periodic-Table	[]	74		\N
290	សិក្សាធាតុតាមក្រុម	Study-of-Elements-by-Group	[]	74		\N
291	សម្ព័ន្ធគីមី	Chemical-Bonds	[]	75		\N
292	ទម្រង់អង្គធាតុរឹង	Solid-Structures	[]	75		\N
293	ប្រេងកាតនិងឥន្ធនៈ	Petroleum-and-Fuels	[]	76		\N
294	អ៊ីដ្រូកាបួឆ្អែត : អាល់កាន	Saturated-Hydrocarbons-Alkanes	[]	76		\N
295	អ៊ីដ្រូកាបួមិនទាន់ឆ្អែត	Unsaturated-Hydrocarbons	[]	76		\N
296	អ៊ីដ្រូកាបួប្រហើរ : បង់សែន	Aromatic-Hydrocarbons-Benzene	[]	76		\N
297	ជីគីមី	Chemical-Fertilizers	[]	76		\N
298	ចំណែកថ្នាក់និងដើមឈើ មែកធាងពូជអម្បូរ	Classification-and-Phylogenetic-Trees	[]	77		\N
299	វីរុសនិងបាក់តេរី	Viruses-and-Bacteria	[]	77		\N
300	ប្រូទីស	Protists	[]	77		\N
301	ផ្សិត	Fungi	[]	77		\N
302	រុក្ខជាតិ	Plants	[]	77		\N
303	សត្វ	Animals	[]	77		\N
304	កោសិកា	Cells	[]	78		\N
305	ប្រការីយ៉ូតនិងអឺការីយ៉ូត	Prokaryotes-and-Eukaryotes	[]	78		\N
306	រស្មីសំយោគ	Photosynthesis	[]	79		\N
307	ដង្ហើមកោសិកា	Cellular-Respiration	[]	79		\N
308	ប្រព័ន្ធគ្រោងឆ្អឹង	Skeletal-System	[]	80		\N
309	ប្រព័ន្ធសាច់ដុំ	Muscular-System	[]	80		\N
310	ជី	Fertilizers	[]	81		\N
311	ការបង្កាត់	Breeding	[]	81		\N
312	នឹងមកដល់ឆាប់នេះ	coming-soon	[]	82		\N
313	នឹងមកដល់ឆាប់នេះ	coming-soon	[]	83		\N
314	នឹងមកដល់ឆាប់នេះ	coming-soon	[]	84		\N
315	នឹងមកដល់ឆាប់នេះ	coming-soon	[]	85		\N
316	នឹងមកដល់ឆាប់នេះ	coming-soon	[]	86		\N
317	នឹងមកដល់ឆាប់នេះ	coming-soon	[]	87		\N
318	នឹងមកដល់ឆាប់នេះ	coming-soon	[]	88		\N
319	នឹងមកដល់ឆាប់នេះ	coming-soon	[]	89		\N
320	នឹងមកដល់ឆាប់នេះ	coming-soon	[]	90		\N
321	នឹងមកដល់ឆាប់នេះ	coming-soon	[]	91		\N
322	នឹងមកដល់ឆាប់នេះ	coming-soon	[]	92		\N
323	នឹងមកដល់ឆាប់នេះ	coming-soon	[]	93		\N
324	នឹងមកដល់ឆាប់នេះ	coming-soon	[]	94		\N
325	នឹងមកដល់ឆាប់នេះ	coming-soon	[]	95		\N
3	ប្រមាណវិធីគុណ និងចែកចំនួនកុំផ្លិច	Complex-Multiplication-Division	[]	1		\N
4	ម៉ូឌុលនៃកុំផ្លិច	Complex-Modulus	[]	1		\N
5	សមីការដឺក្រេទី ២	Quadratic-Equation	[]	1		\N
6	ទម្រង់ត្រីកោណមាត្រ	Trigonometric-Form	[]	1		\N
7	លំហាត់អនុវត្ត	Complex-Practice	[]	1		\N
8	និយមន័យលីមីត	definition	[]	2		\N
9	ប្រមាណវិធីលេីលីមីត	methods	[]	2		\N
10	លីមីតរាង​ ០/០	zero-over-zero	[]	2		\N
11	លីមីតរាង ∞/∞	infinity-over-infinity	[]	2		\N
12	លីមីតរាង +∞ - ∞	infinity-minus-infinity	[]	2		\N
13	លីមីតអនុគមន៍ត្រីកោណមាត្រ	trigonometric	[]	2		\N
14	លីមីតអនុគមន៍អុិចស្បូណង់ស្យែល	exponential	[]	2		\N
15	លីមីតឡូការីតនេពែ	logarithmic	[]	2		\N
16	ភាពជាប់នៃលីមីត	continuity	[]	2		\N
17	អាសុីមកូត	asymptotes	[]	2		\N
18	ទ្រឹស្តីបទឡូពីតាល់	LHopitalRule	[]	2		\N
326	នឹងមកដល់ឆាប់នេះ	coming-soon	[]	96		\N
327	នឹងមកដល់ឆាប់នេះ	coming-soon	[]	97		\N
328	នឹងមកដល់ឆាប់នេះ	coming-soon	[]	98		\N
329	នឹងមកដល់ឆាប់នេះ	coming-soon	[]	99		\N
330	បង្គំនិងបំបែកកម្លាំង	Combining-and-Decomposing-Forces	[]	100		\N
331	ម៉ូម៉ង់នៃកម្លាំង	Moment-of-Force	[]	100		\N
332	ទីប្រជុំទម្ងន់	Center-of-Gravity	[]	100		\N
333	ឃ្នាស់	Lever	[]	101		\N
334	ប្លង់ទេរ	Inclined-Plane	[]	101		\N
335	រ៉ូលីង	Rolling	[]	101		\N
336	សម្ពាធនៃរាវ	Pressure-of-Liquids	[]	102		\N
337	ច្បាប់បាស្កាល់	Pascals-Law	[]	102		\N
338	ច្បាប់អាកីមេដេស	Archimedes-Law	[]	102		\N
339	អេឡិចត្រូស្តាទិច	Electrostatics	[]	103		\N
340	ចរន្តជាប់	Direct-Current	[]	103		\N
341	ម៉ាញេទិច	Magnetism	[]	103		\N
342	ធម្មជាតិនៃពន្លឺ	Nature-of-Light	[]	104		\N
343	ការឆ្លុះនៃពន្លឺ	Reflection-of-Light	[]	104		\N
344	ការឆ្លងនៃពន្លឺ	Refraction-of-Light	[]	104		\N
345	តារាងខួបនៃធាតុគីមី	Periodic-Table-of-Chemical-Elements	[]	105		\N
346	លក្ខណៈធាតុតាមក្រុម	Characteristics-of-Elements-by-Group	[]	105		\N
347	កាបួន	Carbon	[]	106		\N
348	អុកស៊ីសែន	Oxygen	[]	106		\N
349	អ៊ីដ្រូសែន	Hydrogen	[]	106		\N
350	ទឹក	Water	[]	107		\N
351	ខ្យល់	Air	[]	107		\N
352	រូបផ្តុំនៃស្លឹករុក្ខជាតិ	Structure-of-Plant-Leaves	[]	108		\N
353	ដំណើររស្មីសំយោគ	Process-of-Photosynthesis	[]	108		\N
354	ដង្ហើមរុក្ខជាតិ	Plant-Respiration	[]	108		\N
355	ណឺរ៉ូន	Neuron	[]	109		\N
364	សុខភាព	Health	[]	112		\N
356	មជ្ឈមណ្ឌលប្រសាទ	Central-Nervous-System	[]	109		\N
357	បរិមណ្ឌលប្រសាទ	Peripheral-Nervous-System	[]	109		\N
358	ប្រព័ន្ធស៊ាំ	Immune-System	[]	110		\N
359	អង់ទីបូឌី	Antibodies	[]	110		\N
360	វ៉ាក់សាំង	Vaccines	[]	110		\N
361	បរិស្ថានវិទ្យា	Ecosystem	[]	111		\N
362	ចរន្តថាមពល	Energy-Flow	[]	111		\N
363	វដ្តធាតុ	Material-Cycles	[]	111		\N
365	អនាម័យ	Hygiene	[]	112		\N
366	ការបង្ការជំងឺ	Disease-Prevention	[]	112		\N
\.


--
-- Data for Name: user_ai_history; Type: TABLE DATA; Schema: public; Owner: postgres
--

COPY public.user_ai_history (id, user_id, ai_result, prompt, created_at, updated_at) FROM stdin;
1	4	# គណិតវិទ្យា៖ ការបូកលេខ\n\n\n## ការយល់ដឹងអំពីការបូក\n\n-   ការបូកគឺជាប្រតិបត្តិការគណិតវិទ្យាជាមូលដ្ឋានដែលរួមបញ្ចូលបរិមាណពីរ ឬច្រើនចូលគ្នាដើម្បីស្វែងរកផលបូកសរុប។\n-   វាបង្ហាញពីការបន្ថែមវត្ថុ ឬតម្លៃទៅក្នុងក្រុមមួយ។\n\n\n## ដំណោះស្រាយបញ្ហា\n\n### ជំហានទី ១៖ កំណត់លេខ\n\n-   លេខដែលត្រូវបូកគឺ ១ និង ១។\n\n\n### ជំហានទី ២៖ អនុវត្តការបូក\n\n-   នៅពេលដែលអ្នកមានវត្ថុមួយ ហើយអ្នកបន្ថែមវត្ថុមួយទៀតទៅវា អ្នកនឹងទទួលបានវត្ថុពីរ។\n\n$$\n1 + 1 = 2\n$$\n\n## ចម្លើយ\n\n-   ដូច្នេះ ១ បូក ១ ស្មើនឹង ២។	1+1= ?	2025-09-14 07:41:56.648342	2025-09-14 07:41:56.648342
2	4	# ការបូកលេខ\n\n### ការពន្យល់ពីប្រតិបត្តិការ\n\nការបូកគឺជាប្រតិបត្តិការគណិតវិទ្យាមួយដែលអនុញ្ញាតឱ្យយើងបញ្ចូលបរិមាណពីរ ឬច្រើនចូលគ្នាដើម្បីរកផលបូកសរុប។\n\n### ការដោះស្រាយ "១ + ១"\n\nដើម្បីដោះស្រាយកន្សោម "១ + ១" អ្នកអាចគិតពីវាដូចខាងក្រោម៖\n\n-   លេខ "១" ដំបូងតំណាងឱ្យវត្ថុមួយ។\n-   សញ្ញា "+" ប្រាប់យើងឱ្យបន្ថែម ឬបញ្ចូល។\n-   លេខ "១" ទីពីរក៏តំណាងឱ្យវត្ថុមួយទៀត។\n\n### លទ្ធផល\n\nនៅពេលយើងបញ្ចូលវត្ថុមួយជាមួយវត្ថុមួយទៀត យើងនឹងទទួលបានវត្ថុសរុបចំនួនពីរ។\n\n$$១ + ១ = ២$$\n\nដូច្នេះ ផលបូកនៃមួយបូកមួយគឺស្មើនឹងពីរ។	1 + 1	2025-09-14 16:08:58.28128	2025-09-14 16:08:58.28128
3	11	សូមអភ័យទោស ខ្ញុំអាចជួយបានតែជាមួយ គណិតវិទ្យា, រូបវិទ្យា, គីមីវិទ្យា និង ជីវវិទ្យា ប៉ុណ្ណោះ។	helo	2025-09-15 02:36:37.670565	2025-09-15 02:36:37.670565
4	11	សូមអភ័យទោស ខ្ញុំអាចជួយបានតែជាមួយ គណិតវិទ្យា, រូបវិទ្យា, គីមីវិទ្យា និង ជីវវិទ្យា ប៉ុណ្ណោះ។	helo	2025-09-15 02:36:41.540028	2025-09-15 02:36:41.540028
5	11	សូមអភ័យទោស ខ្ញុំអាចជួយបានតែជាមួយ គណិតវិទ្យា, រូបវិទ្យា, គីមីវិទ្យា និង ជីវវិទ្យា ប៉ុណ្ណោះ។	why do u take so long gto think	2025-09-15 02:37:45.64467	2025-09-15 02:37:45.64467
6	3	# ការបូកលេខ\n\n<br>\n<br>\n<br>\n\n## អ្វីទៅជាការបូក?\n\n<br>\n<br>\n<br>\n\n- ការបូក គឺជាប្រតិបត្តិការគណិតវិទ្យាមួយ ដែលបូកបញ្ចូលតម្លៃពីរ ឬច្រើន ចូលគ្នា។\n- វាតំណាងឱ្យការបញ្ចូលគ្នានូវបរិមាណផ្សេងៗ ដើម្បីទទួលបានបរិមាណសរុបមួយ។\n- សញ្ញាដែលប្រើសម្រាប់ការបូក គឺសញ្ញាបូក (+) ។\n\n<br>\n<br>\n<br>\n\n## ឧទាហរណ៍៖ ១ + ១\n\n<br>\n<br>\n<br>\n\nដើម្បីគណនា ១ + ១ អ្នកអាចធ្វើតាមជំហានដូចខាងក្រោម៖\n\n<br>\n<br>\n<br>\n\n1.  ចាប់ផ្តើមដោយបរិមាណទីមួយ គឺលេខ ១ ។\n\n<br>\n<br>\n<br>\n\n2.  បន្ទាប់មក បន្ថែមបរិមាណទីពីរ គឺលេខ ១ ទៅលើបរិមាណទីមួយ។\n\n<br>\n<br>\n<br>\n\n3.  នៅពេលអ្នកបូកបញ្ចូលលេខ ១ ជាមួយលេខ ១ លទ្ធផលដែលបានគឺ ២ ។\n\n<br>\n<br>\n<br>\n\nដូច្នេះ៖\n\n<br>\n<br>\n\n$$ ១ + ១ = ២ $$\n\n<br>\n<br>\n<br>\n\nលទ្ធផលនៃការបូក ១ និង ១ គឺ ២ ។	1+1	2025-09-15 16:26:46.345531	2025-09-15 16:26:46.345531
7	3	# ការបូកលេខ\n\n## ការពន្យល់\n\nការបូកលេខ គឺជាប្រតិបត្តិការគណិតវិទ្យាមួយដែលផ្សំបញ្ចូលលេខពីរ ឬច្រើនចូលគ្នា ដើម្បីស្វែងរកផលបូកសរុប។\n\nក្នុងករណី "2+2" នេះ មានន័យថា៖\n\n- អ្នកមានវត្ថុចំនួន ២។\n- បន្ទាប់មក អ្នកបន្ថែមវត្ថុ ២ ទៀតទៅលើចំនួននោះ។\n\n## វិធីគណនា\n\nដើម្បីគណនាផលបូកនៃ 2 បូក 2 អ្នកអាចធ្វើតាមជំហានងាយៗដូចខាងក្រោម៖\n\n1.  ចាប់ផ្តើមពីលេខទីមួយគឺ 2។\n\n2.  រាប់បន្ថែមចំនួន 2 ទៀតទៅលើលេខនោះ។\n    - ប្រសិនបើអ្នកមានវត្ថុ 2 ហើយបន្ថែម 1 ទៀត វាបាន 3។\n    - បន្ថែម 1 ទៀត (សរុប 2 ដែលត្រូវបន្ថែម) វាបាន 4។\n\nដូច្នេះ ប្រតិបត្តិការគឺ៖\n\n$$\n2 + 2\n$$\n\n## លទ្ធផល\n\nនៅពេលដែលអ្នកបូក 2 ជាមួយ 2 លទ្ធផលដែលបានគឺ 4។\n\n$$\n2 + 2 = 4\n$$	2+2	2025-09-15 16:27:13.191829	2025-09-15 16:27:13.191829
8	1	# លីមីត (Limits)\n\nគំនិតនៃលីមីត គឺជារឿងសំខាន់ណាស់នៅក្នុងគណិតវិទ្យា ជាពិសេសនៅក្នុងកាល់គុល។ វាជួយយើងឱ្យយល់ពីឥរិយាបថនៃអនុគមន៍មួយ នៅពេលដែលអថេររបស់វាខិតជិតទៅរកតម្លៃជាក់លាក់ណាមួយ។\n\nតោះយើងស្វែងយល់ពីលីមីតជា ៣ ជំហានងាយៗ៖\n\n<br/>\n<br/>\n\n## ជំហានទី ១៖ គំនិតនៃការខិតជិត\n\n1.  គិតអំពីអនុគមន៍មួយ ឧទាហរណ៍ `$$f(x) = x^2$$`។\n2.  លីមីតមិនមែនជាការរកមើលតម្លៃរបស់អនុគមន៍ *ត្រង់ចំណុចនោះ* ជាក់លាក់នោះទេ។\n3.  ផ្ទុយទៅវិញ វាគឺនិយាយអំពីអ្វីដែលកើតឡើងចំពោះអនុគមន៍ នៅពេលដែល `x` *ខិតជិត* ទៅរកលេខណាមួយ។\n\n<br/>\n<br/>\n\n## ជំហានទី ២៖ អ្វីកើតឡើងចំពោះលទ្ធផលនៃអនុគមន៍\n\n1.  នៅពេលដែលតម្លៃ `x` កាន់តែខិតជិតទៅរកលេខណាមួយ (ឧទាហរណ៍ 2) តើ `f(x)` ហាក់ដូចជាកំពុងខិតជិតទៅរកតម្លៃប៉ុន្មាន?\n2.  ឧទាហរណ៍ បើ `x` ខិតជិតលេខ 2 ពីខាងឆ្វេង (1.9, 1.99, 1.999...) និងពីខាងស្តាំ (2.1, 2.01, 2.001...) តើ `f(x)` របស់ `$$f(x) = x^2$$` ហាក់ដូចជាខិតជិតទៅរកលេខប៉ុន្មាន?\n3.  ក្នុងករណីនេះ `f(x)` នឹងខិតជិត `$$2^2 = 4$$`។ តម្លៃដែល `f(x)` កំពុងខិតជិតនេះហើយដែលយើងហៅថា "លីមីត"។\n\n<br/>\n<br/>\n\n## ជំហានទី ៣៖ សញ្ញាសម្គាល់លីមីត\n\n1.  ដើម្បីសរសេរសញ្ញាសម្គាល់លីមីត យើងប្រើទម្រង់បែបនេះ៖\n\n    $$\n    \\lim_{x \\to c} f(x) = L\n    $$\n\n2.  អត្ថន័យនៃផ្នែកនីមួយៗគឺ៖\n    -   `$$\\lim$$` តំណាងឱ្យពាក្យ "លីមីត"។\n    -   `$$x \\to c$$` មានន័យថា អថេរ `x` កំពុងខិតជិតទៅរកតម្លៃ `c`។\n    -   `$$f(x)$$` គឺជាអនុគមន៍ដែលយើងកំពុងពិនិត្យមើលលីមីតរបស់វា។\n    -   `$$L$$` គឺជាតម្លៃលីមីត ដែលជាតម្លៃដែល `f(x)` ខិតជិតនៅពេល `x` ខិតជិត `c`។\n\n<br/>\n<br/>\n\nដូច្នេះសរុបមក លីមីតគឺជាឧបករណ៍មួយដែលប្រាប់យើងថាតើអនុគមន៍មួយមានទំនោរទៅរកតម្លៃប៉ុន្មាននៅពេលដែលអថេររបស់វាខិតជិតទៅរកចំណុចណាមួយ។	explain limits in 3 easy steps 	2025-09-15 19:10:36.364505	2025-09-15 19:10:36.364505
9	4	# ការបូកលេខ 2 + 2\n\n## តើការបូកគឺជាអ្វី?\n\n-   ការបូកគឺជាប្រតិបត្តិការគណិតវិទ្យាមួយដែលយើងយកបរិមាណពីរ ឬច្រើនមកបញ្ចូលគ្នា ដើម្បីរកផលបូកសរុប។\n\n-   វាជួយយើងក្នុងការស្វែងរកចំនួនសរុបនៅពេលដែលយើងបន្ថែមវត្ថុ ឬលេខទៅក្នុងក្រុមមួយ។\n\n## ការពន្យល់អំពី 2 + 2\n\n-   នៅពេលដែលអ្នកនិយាយថា "2 បូក 2" វាមានន័យថាអ្នកចាប់ផ្តើមជាមួយបរិមាណពីរ (ឧទាហរណ៍ វត្ថុចំនួន ២) ហើយបន្ទាប់មកអ្នកបន្ថែមបរិមាណពីរទៀតទៅលើវា (វត្ថុចំនួន ២ ទៀត)។\n\n-   ដើម្បីយល់កាន់តែច្បាស់ អ្នកអាចស្រមៃមើល៖\n    -   អ្នកមានផ្លែប៉ោមចំនួន ២ ផ្លែ។\n    -   មិត្តភក្តិរបស់អ្នកឲ្យផ្លែប៉ោមចំនួន ២ ផ្លែទៀតដល់អ្នក។\n    -   តើអ្នកមានផ្លែប៉ោមសរុបប៉ុន្មានផ្លែឥឡូវនេះ?\n\n## ដំណោះស្រាយ\n\n-   ដើម្បីរកចម្លើយ យើងគ្រាន់តែរាប់បញ្ចូលគ្នានូវវត្ថុទាំងអស់៖\n\n$$2 + 2 = 4$$\n\n-   ដូច្នេះ 2 បូក 2 គឺស្មើនឹង 4 ។	2+2 explain me	2025-09-16 01:49:22.539904	2025-09-16 01:49:22.539904
10	4	# ដែនកំណត់\n\nដែនកំណត់ គឺជាគំនិតមូលដ្ឋានដ៏សំខាន់មួយនៅក្នុងគណិតវិទ្យា ជាពិសេសក្នុងគណិតវិទ្យាវិភាគ (calculus)។\n\nវាជួយយើងស្វែងយល់ពីរបៀបដែលអនុគមន៍ ឬលំដាប់នៃចំនួនមានឥរិយាបទ នៅពេលដែលអថេរ ឬសមាជិករបស់វាខិតជិតតម្លៃជាក់លាក់ណាមួយ។\n\n## តើដែនកំណត់ជាអ្វី?\n\n-   ដែនកំណត់ពិពណ៌នាអំពីតម្លៃដែលអនុគមន៍មួយ "ខិតជិត" នៅពេលដែលធាតុបញ្ចូល (អថេរ) របស់វាខិតជិតតម្លៃណាមួយ។\n\n-   វាជាការសំខាន់ក្នុងការកត់សម្គាល់ថា តម្លៃដែលអនុគមន៍ខិតជិតនោះ មិនចាំបាច់ជាតម្លៃពិតប្រាកដរបស់អនុគមន៍នៅត្រង់ចំណុចនោះទេ។ ពេលខ្លះ អនុគមន៍អាចនឹងមិនត្រូវបានកំណត់នៅត្រង់ចំណុចនោះក៏មាន។\n\n## ហេតុអ្វីបានជាដែនកំណត់សំខាន់?\n\n-   ដែនកំណត់គឺជាគ្រឹះសម្រាប់ការគណនាដេរីវេ (derivatives) ដែលវាទាក់ទងនឹងអត្រានៃការប្រែប្រួល។\n\n-   វាក៏ជាមូលដ្ឋានគ្រឹះសម្រាប់ការគណនាអាំងតេក្រាល (integrals) ដែលវាទាក់ទងនឹងការគណនាផ្ទៃក្រោមខ្សែកោង។\n\n## សញ្ញាណនៃដែនកំណត់\n\n-   យើងសរសេរសញ្ញាណនៃដែនកំណត់ដូចខាងក្រោម៖\n\n$$ \\lim_{x \\to c} f(x) = L $$\n\n-   នេះមានន័យថា "ដែនកំណត់នៃអនុគមន៍ $f(x)$ នៅពេល $x$ ខិតជិត $c$ គឺស្មើនឹង $L$"។\n\n-   ក្នុងសញ្ញាណនេះ៖\n    -   $f(x)$ គឺជាអនុគមន៍។\n    -   $x$ គឺជាអថេរ។\n    -   $c$ គឺជាតម្លៃដែល $x$ ខិតជិត។\n    -   $L$ គឺជាតម្លៃដែនកំណត់។\n\n## ឧទាហរណ៍ងាយៗ\n\n-   សូមពិចារណាអនុគមន៍ $f(x) = x + 2$ ។ តើយើងអាចរកដែនកំណត់នៃ $f(x)$ នៅពេល $x$ ខិតជិត 3 យ៉ាងដូចម្តេច?\n\n-   នៅពេល $x$ ខិតជិត 3 (ឧទាហរណ៍ 2.9, 2.99, 2.999...) តម្លៃនៃ $f(x)$ នឹងខិតជិត 5។\n\n-   យើងអាចសរសេរបាន៖\n\n$$ \\lim_{x \\to 3} (x + 2) = 5 $$\n\n-   ក្នុងករណីនេះ តម្លៃដែនកំណត់គឺស្មើនឹងតម្លៃពិតប្រាកដរបស់អនុគមន៍នៅ $x=3$ ផងដែរ។\n\n### ឧទាហរណ៍មួយទៀត (ករណីដែលអនុគមន៍មិនត្រូវបានកំណត់នៅត្រង់ចំណុច)\n\n-   ពិចារណាអនុគមន៍ $g(x) = \\frac{x^2 - 1}{x - 1}$ ។ តើដែនកំណត់នៃ $g(x)$ នៅពេល $x$ ខិតជិត 1 គឺជាអ្វី?\n\n-   ប្រសិនបើយើងជំនួស $x=1$ ទៅក្នុងអនុគមន៍ នោះយើងនឹងទទួលបាន $\\frac{0}{0}$ ដែលមិនកំណត់។\n\n-   ប៉ុន្តែយើងអាចធ្វើការបំបែកកត្តាលើភាគយក៖\n\n$$ g(x) = \\frac{(x - 1)(x + 1)}{x - 1} $$\n\n-   សម្រាប់តម្លៃ $x \\neq 1$ យើងអាចសម្រួលអនុគមន៍នេះទៅជា $g(x) = x + 1$ ។\n\n-   ដូច្នេះ នៅពេល $x$ ខិតជិត 1 តម្លៃនៃ $g(x)$ នឹងខិតជិត $1 + 1 = 2$ ។\n\n-   យើងអាចសរសេរបាន៖\n\n$$ \\lim_{x \\to 1} \\frac{x^2 - 1}{x - 1} = \\lim_{x \\to 1} (x + 1) = 2 $$\n\n-   ទោះបីជាអនុគមន៍ $g(x)$ មិនត្រូវបានកំណត់នៅត្រង់ $x=1$ ក៏ដោយ ដែនកំណត់របស់វានៅពេល $x$ ខិតជិត 1 គឺ 2 ។	explain me about limit clearly	2025-09-16 01:49:50.865015	2025-09-16 01:49:50.865015
11	13	# ខួរក្បាល\n\n<br>\n<br>\n\nខួរក្បាលគឺជាសរីរាង្គដ៏សំខាន់បំផុតមួយនៃប្រព័ន្ធប្រសាទកណ្ដាលរបស់មនុស្ស។\n\n<br>\n<br>\n\nវាមានទីតាំងនៅក្នុងលលាដ៍ក្បាលរបស់អ្នក ហើយទទួលខុសត្រូវចំពោះមុខងារស្មុគស្មាញជាច្រើនរបស់រាងកាយ។\n\n<br>\n<br>\n\n## តើខួរក្បាលធ្វើអ្វី?\n\n<br>\n<br>\n\nខួរក្បាលដើរតួនាទីយ៉ាងសំខាន់ក្នុងការគ្រប់គ្រង និងសម្របសម្រួលសកម្មភាពស្ទើរតែទាំងអស់នៃរាងកាយ រួមមាន៖\n\n<br>\n<br>\n\n-   **ការគិត និងការរៀនសូត្រ:** គ្រប់គ្រងការដោះស្រាយបញ្ហា ការចងចាំ ការវិនិច្ឆ័យ និងការសម្រេចចិត្ត។\n-   **អារម្មណ៍:** ទទួលខុសត្រូវចំពោះអារម្មណ៍ផ្សេងៗដូចជា ក្ដីរីករាយ ក្ដីសោកសៅ ក្ដីស្រឡាញ់ និងកំហឹង។\n-   **ចលនា:** គ្រប់គ្រងចលនាសាច់ដុំដោយស្ម័គ្រចិត្ត (ដូចជាការដើរ) និងចលនាដោយអចេតនា (ដូចជាការដកដង្ហើម)។\n-   **ការយល់ដឹងពីញ្ញាណ:** ដំណើរការព័ត៌មានដែលទទួលបានពីញ្ញាណទាំងប្រាំ រួមមានការមើលឃើញ ការស្ដាប់ ការធុំក្លិន ការភ្លក្សរសជាតិ និងការប៉ះពាល់។\n-   **ការគ្រប់គ្រងមុខងាររាងកាយ:** ដូចជាការដកដង្ហើម ចង្វាក់បេះដូង សម្ពាធឈាម និងសីតុណ្ហភាពរាងកាយ។\n\n<br>\n<br>\n\n## ផ្នែកសំខាន់ៗនៃខួរក្បាល\n\n<br>\n<br>\n\nខួរក្បាលត្រូវបានបែងចែកជាច្រើនផ្នែក ដែលផ្នែកនីមួយៗមានមុខងារជាក់លាក់។ ផ្នែកសំខាន់ៗមួយចំនួនរួមមាន៖\n\n<br>\n<br>\n\n-   **ខួរក្បាលធំ (Cerebrum):** ជាផ្នែកធំជាងគេនៃខួរក្បាល វាត្រូវបានបែងចែកជាពីរអឌ្ឍគោល (ឆ្វេង និងស្ដាំ) ហើយទទួលខុសត្រូវចំពោះការគិត ការចងចាំ ការនិយាយ និងការយល់ដឹងពីញ្ញាណ។\n-   **ខួរក្បាលតូច (Cerebellum):** ស្ថិតនៅខាងក្រោយខួរក្បាលធំ ជួយសម្របសម្រួលចលនារាងកាយ លំនឹង និងតុល្យភាព។\n-   **ខួរក្បាលខ្នង (Brainstem):** តភ្ជាប់ខួរក្បាលទៅនឹងខួរឆ្អឹងខ្នង វាគ្រប់គ្រងមុខងារសំខាន់ៗរបស់រាងកាយដូចជាការដកដង្ហើម ចង្វាក់បេះដូង និងការគេង។\n\n<br>\n<br>\n\nសង្ឃឹមថាការបរិយាយនេះបានជួយអ្នកឲ្យយល់កាន់តែច្បាស់អំពីខួរក្បាល!	តើខួរក្បាលឦាមប៉ិ	2025-09-16 02:22:10.482105	2025-09-16 02:22:10.482105
12	15	# ការបូកលេខ\n\n###\n\n###\n\n## និយមន័យ\n\n-   ការបូកគឺជាប្រតិបត្តិការគណិតវិទ្យាដ៏សំខាន់មួយដែលប្រើសម្រាប់រួមបញ្ចូលគ្នានូវតម្លៃពីរ ឬច្រើន។\n\n###\n\n###\n\n-   វាបង្ហាញពីចំនួនសរុបនៅពេលដែលវត្ថុ ឬចំនួនត្រូវបានបន្ថែមជាមួយគ្នា។\n\n###\n\n###\n\n## របៀបគណនា\n\n### ជំហានទី ១: កំណត់ចំនួន\n\n-   អ្នកត្រូវបានស្នើសុំឱ្យបូកលេខ ២ និងលេខ ៣៥។\n\n###\n\n###\n\n### ជំហានទី ២: អនុវត្តប្រតិបត្តិការបូក\n\n-   ដើម្បីរកផលបូក អ្នកត្រូវដាក់លេខទាំងពីរចូលគ្នាដូចខាងក្រោម៖\n\n###\n\n###\n\n$$ 2 + 35 $$\n\n###\n\n###\n\n### ជំហានទី ៣: ស្វែងរកលទ្ធផល\n\n-   នៅពេលដែលអ្នកបូកលេខ ២ នឹងលេខ ៣៥ លទ្ធផលដែលបានមកគឺ ៣៧។\n\n###\n\n###\n\n$$ 2 + 35 = 37 $$\n\n###\n\n###\n\n## ចម្លើយ\n\n-   ដូច្នេះ លទ្ធផលនៃការគណនា $2 + 35$ គឺ $37$។	គណនា2+35	2025-09-16 03:12:12.641176	2025-09-16 03:12:12.641176
13	1	# អាំងតេក្រាល់\n\nអាំងតេក្រាល់ គឺជាគំនិតដ៏សំខាន់មួយនៅក្នុងគណិតវិទ្យា ដែលទាក់ទងយ៉ាងជិតស្និទ្ធជាមួយដេរីវេ។\n\nវាមានគោលបំណងសំខាន់ពីរ៖\n\n-   **ស្វែងរកអនុគមន៍ដើម (អនុគមន៍បញ្ច្រាសដេរីវេ)**៖ ដំណើរការបញ្ច្រាសនៃដេរីវេ។\n-   **គណនាផ្ទៃក្រោមខ្សែកោង**៖ រវាងខ្សែកោង អ័ក្ស x និងដែនកំណត់ដែលបានកំណត់។\n\n# ប្រភេទនៃអាំងតេក្រាល់\n\nមានអាំងតេក្រាល់សំខាន់ៗពីរប្រភេទគឺ អាំងតេក្រាល់មិនកំណត់ និង អាំងតេក្រាល់កំណត់។\n\n## អាំងតេក្រាល់មិនកំណត់\n\n### និយមន័យ និង គំនិត\n\nអាំងតេក្រាល់មិនកំណត់ គឺជាការស្វែងរកអនុគមន៍ដើម ឬអនុគមន៍ដែលនៅពេលយើងយកដេរីវេ នោះយើងនឹងទទួលបានអនុគមន៍ដែលយើងចាប់ផ្ដើម។ ដំណើរការនេះផ្ទុយពីដេរីវេ។\n\n-   ប្រសិនបើដេរីវេនៃ $F(x)$ គឺ $f(x)$ នោះ $F(x)$ គឺជាអនុគមន៍ដើមនៃ $f(x)$។\n\n### សញ្ញាសម្គាល់\n\nអាំងតេក្រាល់មិនកំណត់ត្រូវបានសរសេរដោយប្រើសញ្ញា $\\int$។\n\n$$ \\int f(x) \\,dx = F(x) + C $$\n\n-   $\\int$ គឺជាសញ្ញាអាំងតេក្រាល់។\n-   $f(x)$ គឺជាអនុគមន៍ដែលត្រូវរកអនុគមន៍ដើម។\n-   $dx$ បង្ហាញថាការអាំងតេក្រាល់ត្រូវបានធ្វើឡើងធៀបនឹងអថេរ $x$។\n-   $F(x)$ គឺជាអនុគមន៍ដើម។\n-   $C$ គឺជាថេរអាំងតេក្រាល់។\n\n### ហេតុអ្វីបានជាមានថេរ C?\n\nនៅពេលយើងរកដេរីវេនៃថេរណាមួយ គឺស្មើនឹងសូន្យ។ ឧទាហរណ៍៖\n\n-   ដេរីវេនៃ $x^2$ គឺ $2x$។\n-   ដេរីវេនៃ $x^2 + 5$ គឺ $2x$។\n-   ដេរីវេនៃ $x^2 - 10$ គឺ $2x$។\n\nដូច្នេះ នៅពេលយើងធ្វើអាំងតេក្រាល់ $2x$ យើងមិនអាចដឹងថាថេរដើមគឺជាអ្វីនោះទេ ដូច្នេះយើងត្រូវបន្ថែម $C$ ដើម្បីតំណាងឱ្យថេរដែលអាចកើតមានទាំងអស់។\n\n## អាំងតេក្រាល់កំណត់\n\n### និយមន័យ និង គំនិត\n\nអាំងតេក្រាល់កំណត់ គឺប្រើដើម្បីគណនាផ្ទៃក្រោមខ្សែកោងនៃអនុគមន៍មួយ នៅក្នុងចន្លោះបិទជិត [a, b]។\n\n-   គំនិតចម្បងគឺការបូកសរុបផ្ទៃចតុកោណកែងតូចៗជាច្រើនក្រោមខ្សែកោង។\n-   នៅពេលដែលទទឹងចតុកោណកែងទាំងនោះកាន់តែតូចទៅៗ ផលបូករបស់វាខិតជិតនឹងផ្ទៃពិតប្រាកដ។\n\n### សញ្ញាសម្គាល់\n\nអាំងតេក្រាល់កំណត់ត្រូវបានសរសេរដូចនេះ៖\n\n$$ \\int_{a}^{b} f(x) \\,dx $$\n\n-   $a$ គឺជាដែនកំណត់ក្រោម។\n-   $b$ គឺជាដែនកំណត់លើ។\n-   លទ្ធផលនៃអាំងតេក្រាល់កំណត់ គឺជាតម្លៃជាលេខ មិនមែនជាអនុគមន៍នោះទេ។\n\n### លំហូរគ្រឹះនៃកាល់គុល\n\nលំហូរគ្រឹះនៃកាល់គុល តភ្ជាប់អាំងតេក្រាល់មិនកំណត់ និង អាំងតេក្រាល់កំណត់។ វាចែងថា ប្រសិនបើ $F(x)$ គឺជាអនុគមន៍ដើមនៃ $f(x)$ នោះ៖\n\n$$ \\int_{a}^{b} f(x) \\,dx = F(b) - F(a) $$\n\n-   នេះមានន័យថា ដើម្បីគណនាអាំងតេក្រាល់កំណត់ អ្នកត្រូវរកអនុគមន៍ដើម $F(x)$ រួចជំនួសតម្លៃដែនកំណត់លើ $b$ និងដែនកំណត់ក្រោម $a$ បន្ទាប់មកដកគ្នា។\n\n# ការអនុវត្តនៃអាំងតេក្រាល់\n\nអាំងតេក្រាល់មានការអនុវត្តយ៉ាងទូលំទូលាយនៅក្នុងវិទ្យាសាស្ត្រ និងវិស្វកម្ម៖\n\n-   **គណនាផ្ទៃ**៖ ផ្ទៃក្រោមខ្សែកោង ឬចន្លោះខ្សែកោងពីរ។\n-   **គណនាមាឌ**៖ មាឌនៃវត្ថុបង្វិល។\n-   **គណនាចម្ងាយ**៖ ប្រសិនបើយើងដឹងល្បឿនជាអនុគមន៍នៃពេលវេលា។\n-   **គណនាការងារ**៖ ក្នុងរូបវិទ្យា នៅពេលកម្លាំងមិនថេរ។\n-   **គណនាមធ្យមនៃអនុគមន៍**៖ ក្នុងចន្លោះជាក់លាក់ណាមួយ។	explain integrals in depth	2025-09-17 07:06:13.172317	2025-09-17 07:06:13.172317
14	1	# អាំងតេក្រាល់\n\nអាំងតេក្រាល់ គឺជាគំនិតដ៏សំខាន់មួយនៅក្នុងគណិតវិទ្យា ដែលទាក់ទងយ៉ាងជិតស្និទ្ធជាមួយដេរីវេ។\n\nវាមានគោលបំណងសំខាន់ពីរ៖\n\n-   **ស្វែងរកអនុគមន៍ដើម (អនុគមន៍បញ្ច្រាសដេរីវេ)**៖ ដំណើរការបញ្ច្រាសនៃដេរីវេ។\n-   **គណនាផ្ទៃក្រោមខ្សែកោង**៖ រវាងខ្សែកោង អ័ក្ស x និងដែនកំណត់ដែលបានកំណត់។\n\n\n\n# ប្រភេទនៃអាំងតេក្រាល់\n\nមានអាំងតេក្រាល់សំខាន់ៗពីរប្រភេទគឺ អាំងតេក្រាល់មិនកំណត់ និង អាំងតេក្រាល់កំណត់។\n\n\n\n## អាំងតេក្រាល់មិនកំណត់\n\n### និយមន័យ និង គំនិត\n\n-   អាំងតេក្រាល់មិនកំណត់ គឺជាការស្វែងរកអនុគមន៍ដើម ឬអនុគមន៍ដែលនៅពេលយើងយកដេរីវេ នោះយើងនឹងទទួលបានអនុគមន៍ដែលយើងចាប់ផ្ដើម។ ដំណើរការនេះផ្ទុយពីដេរីវេ។\n-   ប្រសិនបើដេរីវេនៃ $F(x)$ គឺ $f(x)$ នោះ $F(x)$ គឺជាអនុគមន៍ដើមនៃ $f(x)$។\n\n\n\n### សញ្ញាសម្គាល់\n\nអាំងតេក្រាល់មិនកំណត់ត្រូវបានសរសេរដោយប្រើសញ្ញា $\\int$។\n\n$$ \\int f(x) \\,dx = F(x) + C $$\n\n-   $\\int$ គឺជាសញ្ញាអាំងតេក្រាល់។\n-   $f(x)$ គឺជាអនុគមន៍ដែលត្រូវរកអនុគមន៍ដើម។\n-   $dx$ បង្ហាញថាការអាំងតេក្រាល់ត្រូវបានធ្វើឡើងធៀបនឹងអថេរ $x$។\n-   $F(x)$ គឺជាអនុគមន៍ដើម។\n-   $C$ គឺជាថេរអាំងតេក្រាល់។\n\n\n\n### ហេតុអ្វីបានជាមានថេរ C?\n\n-   នៅពេលយើងរកដេរីវេនៃថេរណាមួយ គឺស្មើនឹងសូន្យ។ ឧទាហរណ៍៖\n    -   ដេរីវេនៃ $x^2$ គឺ $2x$។\n    -   ដេរីវេនៃ $x^2 + 5$ គឺ $2x$។\n    -   ដេរីវេនៃ $x^2 - 10$ គឺ $2x$។\n-   ដូច្នេះ នៅពេលយើងធ្វើអាំងតេក្រាល់ $2x$ យើងមិនអាចដឹងថាថេរដើមគឺជាអ្វីនោះទេ ដូច្នេះយើងត្រូវបន្ថែម $C$ ដើម្បីតំណាងឱ្យថេរដែលអាចកើតមានទាំងអស់។\n\n\n\n## អាំងតេក្រាល់កំណត់\n\n### និយមន័យ និង គំនិត\n\n-   អាំងតេក្រាល់កំណត់ គឺប្រើដើម្បីគណនាផ្ទៃក្រោមខ្សែកោងនៃអនុគមន៍មួយ នៅក្នុងចន្លោះបិទជិត [a, b]។\n-   គំនិតចម្បងគឺការបូកសរុបផ្ទៃចតុកោណកែងតូចៗជាច្រើនក្រោមខ្សែកោង។\n-   នៅពេលដែលទទឹងចតុកោណកែងទាំងនោះកាន់តែតូចទៅៗ ផលបូករបស់វាខិតជិតនឹងផ្ទៃពិតប្រាកដ។\n\n\n\n### សញ្ញាសម្គាល់\n\nអាំងតេក្រាល់កំណត់ត្រូវបានសរសេរដូចនេះ៖\n\n$$ \\int_{a}^{b} f(x) \\,dx $$\n\n-   $a$ គឺជាដែនកំណត់ក្រោម។\n-   $b$ គឺជាដែនកំណត់លើ។\n-   លទ្ធផលនៃអាំងតេក្រាល់កំណត់ គឺជាតម្លៃជាលេខ មិនមែនជាអនុគមន៍នោះទេ។\n\n\n\n### លំហូរគ្រឹះនៃកាល់គុល\n\nលំហូរគ្រឹះនៃកាល់គុល តភ្ជាប់អាំងតេក្រាល់មិនកំណត់ និង អាំងតេក្រាល់កំណត់។ វាចែងថា ប្រសិនបើ $F(x)$ គឺជាអនុគមន៍ដើមនៃ $f(x)$ នោះ៖\n\n$$ \\int_{a}^{b} f(x) \\,dx = F(b) - F(a) $$\n\n-   នេះមានន័យថា ដើម្បីគណនាអាំងតេក្រាល់កំណត់ អ្នកត្រូវរកអនុគមន៍ដើម $F(x)$ រួចជំនួសតម្លៃដែនកំណត់លើ $b$ និងដែនកំណត់ក្រោម $a$ បន្ទាប់មកដកគ្នា។\n\n\n\n# ការអនុវត្តនៃអាំងតេក្រាល់\n\nអាំងតេក្រាល់មានការអនុវត្តយ៉ាងទូលំទូលាយនៅក្នុងវិទ្យាសាស្ត្រ និងវិស្វកម្ម៖\n\n-   **គណនាផ្ទៃ**៖ ផ្ទៃក្រោមខ្សែកោង ឬចន្លោះខ្សែកោងពីរ។\n-   **គណនាមាឌ**៖ មាឌនៃវត្ថុបង្វិល។\n-   **គណនាចម្ងាយ**៖ ប្រសិនបើយើងដឹងល្បឿនជាអនុគមន៍នៃពេលវេលា។\n-   **គណនាការងារ**៖ ក្នុងរូបវិទ្យា នៅពេលកម្លាំងមិនថេរ។\n-   **គណនាមធ្យមនៃអនុគមន៍**៖ ក្នុងចន្លោះជាក់លាក់ណាមួយ។	ពន្យល់អាំងតេក្រាល អោយបានសុីជម្រើ	2025-09-17 07:07:55.626144	2025-09-17 07:07:55.626144
15	3	# ការបូកលេខ\n\n\n\n### ការពន្យល់\n\n\n\nការបូកលេខ គឺជាប្រតិបត្តិការគណិតវិទ្យាមួយដែលផ្សំបញ្ចូលលេខពីរ ឬច្រើនចូលគ្នា ដើម្បីស្វែងរកផលបូកសរុប។\n\n\n\nក្នុងករណី "2+2" នេះ មានន័យថា៖\n\n\n\n- អ្នកមានវត្ថុចំនួន ២។\n- បន្ទាប់មក អ្នកបន្ថែមវត្ថុ ២ ទៀតទៅលើចំនួននោះ។\n\n\n\n### វិធីគណនា\n\n\n\nដើម្បីគណនាផលបូកនៃ 2 បូក 2 អ្នកអាចធ្វើតាមជំហានងាយៗដូចខាងក្រោម៖\n\n\n\n1. ចាប់ផ្តើមពីលេខទីមួយគឺ 2។\n\n\n\n2. រាប់បន្ថែមចំនួន 2 ទៀតទៅលើលេខនោះ។\n   - ប្រសិនបើអ្នកមានវត្ថុ 2 ហើយបន្ថែម 1 ទៀត វាបាន 3។\n   - បន្ថែម 1 ទៀត (សរុប 2 ដែលត្រូវបន្ថែម) វាបាន 4។\n\n\n\nដូច្នេះ ប្រតិបត្តិការគឺ៖\n\n\n\n$$\n2 + 2\n$$\n\n\n\n### លទ្ធផល\n\n\n\nនៅពេលដែលអ្នកបូក 2 ជាមួយ 2 លទ្ធផលដែលបានគឺ 4។\n\n\n\n$$\n2 + 2 = 4\n$$	# ការបូកលេខ\n\n## ការពន្យល់\n\nការបូកលេខ គឺជាប្រតិបត្តិការគណិតវិទ្យាមួយដែលផ្សំបញ្ចូលលេខពីរ ឬច្រើនចូលគ្នា ដើម្បីស្វែងរកផលបូកសរុប។\n\nក្នុងករណី "2+2" នេះ មានន័យថា៖\n\n- អ្នកមានវត្ថុចំនួន ២។\n- បន្ទាប់មក អ្នកបន្ថែមវត្ថុ ២ ទៀតទៅលើចំនួននោះ។\n\n## វិធីគណនា\n\nដើម្បីគណនាផលបូកនៃ 2 បូក 2 អ្នកអាចធ្វើតាមជំហានងាយៗដូចខាងក្រោម៖\n\n1.  ចាប់ផ្តើមពីលេខទីមួយគឺ 2។\n\n2.  រាប់បន្ថែមចំនួន 2 ទៀតទៅលើលេខនោះ។\n    - ប្រសិនបើអ្នកមានវត្ថុ 2 ហើយបន្ថែម 1 ទៀត វាបាន 3។\n    - បន្ថែម 1 ទៀត (សរុប 2 ដែលត្រូវបន្ថែម) វាបាន 4។\n\nដូច្នេះ ប្រតិបត្តិការគឺ៖\n\n$$\n2 + 2\n$$\n\n## លទ្ធផល\n\nនៅពេលដែលអ្នកបូក 2 ជាមួយ 2 លទ្ធផលដែលបានគឺ 4។\n\n$$\n2 + 2 = 4\n$$	2025-09-28 07:13:26.716923	2025-09-28 07:13:26.716923
16	21	សូមអភ័យទោស ខ្ញុំអាចជួយបានតែជាមួយ គណិតវិទ្យា, រូបវិទ្យា, គីមីវិទ្យា និង ជីវវិទ្យា ប៉ុណ្ណោះ។	Who is Ronaldo ? 	2025-10-01 01:49:53.619504	2025-10-01 01:49:53.619504
17	21	សូមអភ័យទោស ខ្ញុំអាចជួយបានតែជាមួយ គណិតវិទ្យា, រូបវិទ្យា, គីមីវិទ្យា និង ជីវវិទ្យា ប៉ុណ្ណោះ។	Hello	2025-10-04 08:04:43.563077	2025-10-04 08:04:43.563077
18	4	សូមអភ័យទោស 🙏 ខ្ញុំអាចជួយបានតែជាមួយ គណិតវិទ្យា, រូបវិទ្យា, គីមីវិទ្យា និង ជីវវិទ្យា ប៉ុណ្ណោះ។	fuck you	2025-10-09 05:39:18.779946	2025-10-09 05:39:18.779946
19	4	# Subtraction: 2 - 3\n\n\n\n## Understanding Subtraction\n\nSubtraction is a fundamental arithmetic operation that represents the removal of objects from a collection. It helps us find the difference between two numbers.\n\n\n\n## Performing the Calculation\n\nTo calculate $2 - 3$, we are subtracting 3 from 2.\n\n*   When you subtract a larger number from a smaller number, the result will be a negative value.\n*   Imagine you have 2 items and you need to take away 3. You don't have enough, so you end up with a deficit.\n*   The difference between 3 and 2 is 1. Since we are subtracting a larger number from a smaller one, the result is negative.\n\nThe calculation is as follows:\n\n$$2 - 3 = -1$$	2 -3	2025-10-09 05:39:56.309473	2025-10-09 05:39:56.309473
20	4	# Subtraction: 2 - 3\n\n\n\n## Understanding Subtraction\n\nSubtraction is a basic arithmetic operation.\n\n-   It involves taking one number away from another.\n-   The result of subtraction is called the difference.\n-   It helps us determine how much is left when a quantity is removed, or the difference in value between two numbers.\n\n\n\n## Performing the Calculation\n\nTo calculate $2 - 3$, you are subtracting the number 3 from the number 2.\n\n-   When you subtract a larger number from a smaller number, the result will always be a negative value.\n-   Think of it like this: if you have 2 items and you need to remove 3 items, you do not have enough. You are short by 1 item.\n-   Therefore, the difference between 2 and 3 is 1, and since you are taking a larger amount from a smaller one, the result is negative.\n\nThe calculation is as follows:\n\n$$2 - 3 = -1$$	2-3 answer only	2025-10-09 05:40:24.710571	2025-10-09 05:40:24.710571
21	4	# 减法运算：3 - 4\n\n\n\n## 理解减法\n\n减法是基本的算术运算之一。\n\n-   它涉及从一个数字中减去另一个数字。\n-   减法的结果称为差。\n-   它帮助我们确定当一个数量被移除后还剩下多少，或者两个数字之间的价值差异。\n\n\n\n## 执行计算\n\n要计算 $3 - 4$，您是从数字 3 中减去数字 4。\n\n-   当您从一个较小的数字中减去一个较大的数字时，结果总是负值。\n-   您可以这样理解：如果您有 3 件物品，但需要移除 4 件物品，您会发现物品不够。您还缺少 1 件物品。\n-   因此，3 和 4 之间的差是 1，由于是从较小的数量中减去较大的数量，所以结果是负数。\n\n计算如下：\n\n$$3 - 4 = -1$$	3-4	2025-10-09 05:41:08.761911	2025-10-09 05:41:08.761911
22	4	#  뺄셈 연산: 2 - 3\n\n\n\n##  뺄셈 이해하기\n\n\n\n뺄셈은 기본적인 산술 연산 중 하나입니다.\n\n-   이것은 한 숫자에서 다른 숫자를 빼는 것을 포함합니다.\n-   뺄셈의 결과는 차이점이라고 불립니다.\n-   뺄셈은 특정 양이 제거된 후 남은 양 또는 두 숫자 사이의 값 차이를 결정하는 데 도움이 됩니다.\n\n\n\n##  계산 수행하기\n\n\n\n$2 - 3$을 계산하려면 숫자 2에서 숫자 3을 빼야 합니다.\n\n-   작은 숫자에서 큰 숫자를 빼면 결과는 항상 음수가 됩니다.\n-   이렇게 생각할 수 있습니다: 만약 당신이 2개의 항목을 가지고 있지만 3개의 항목을 제거해야 한다면, 당신은 항목이 충분하지 않다는 것을 알게 될 것입니다. 당신은 여전히 1개의 항목이 부족합니다.\n-   따라서 2와 3의 차이는 1이며, 작은 양에서 큰 양을 뺐기 때문에 결과는 음수입니다.\n\n계산은 다음과 같습니다:\n\n$$2 - 3 = -1$$	2-3	2025-10-09 05:41:50.026241	2025-10-09 05:41:50.026241
23	4	# 引き算: 2 - 3\n\n\n\n## 引き算とは何か\n\n\n\n引き算は、基本的な算術演算の一つです。\n\n-   ある数から別の数を引く操作です。\n-   引き算の結果は「差」と呼ばれます。\n-   引き算は、ある量が取り除かれた後に残る量や、二つの数の値の差を求めるのに役立ちます。\n\n\n\n## 計算の実行\n\n\n\n$2 - 3$ を計算するには、数2から数3を引く必要があります。\n\n-   小さい数から大きい数を引くと、結果は常に負の数になります。\n-   これを具体的に考えると、もしあなたが2つの物を持っていて、3つの物を取り除く必要がある場合、物が足りなくなり、1つ不足している状態になります。\n-   したがって、2と3の差は1ですが、小さい量から大きい量を引いたため、結果は負の数です。\n\n\n\n計算は以下のようになります。\n\n$$2 - 3 = -1$$	konnichiwa 2-3	2025-10-09 05:42:42.753824	2025-10-09 05:42:42.753824
24	4	# 引き算: 5 - 1\n\n\n\n## 引き算とは何か\n\n\n\n引き算は、基本的な算術演算の一つです。\n\n-   ある数から別の数を引く操作です。\n-   引き算の結果は「差」と呼ばれます。\n-   引き算は、ある量が取り除かれた後に残る量や、二つの数の値の差を求めるのに役立ちます。\n\n\n\n## 計算の実行\n\n\n\n$5 - 1$ を計算するには、数5から数1を引く必要があります。\n\n-   これは、5つの物があり、そのうち1つを取り除く状況と考えることができます。\n-   取り除かれた後に残る物の数が、計算の答えとなります。\n-   5から1を引くと、4が残ります。\n\n\n\n計算は以下のようになります。\n\n$$5 - 1 = 4$$	5-1	2025-10-09 05:42:57.660814	2025-10-09 05:42:57.660814
25	16	សូមអភ័យទោស ខ្ញុំអាចជួយបានតែជាមួយ គណិតវិទ្យា, រូបវិទ្យា, គីមីវិទ្យា និង ជីវវិទ្យា ប៉ុណ្ណោះ។	hello	2025-10-09 09:39:55.685734	2025-10-09 09:39:55.685734
\.


--
-- Data for Name: user_exercise_history; Type: TABLE DATA; Schema: public; Owner: postgres
--

COPY public.user_exercise_history (id, user_id, exercise_id, score, time_taken, created_at, updated_at) FROM stdin;
3	13	12	0	104	2025-09-16 02:20:16.264	2025-09-16 02:20:16.264
4	15	12	0	53	2025-09-16 02:57:44.419	2025-09-16 02:57:44.419
5	1	13	0	15	2025-09-16 03:10:31.688	2025-09-16 03:10:31.688
6	15	13	0	7	2025-09-16 03:51:46.682	2025-09-16 03:51:46.682
7	15	12	0	33	2025-09-16 04:19:53.372	2025-09-16 04:19:53.372
8	1	13	0	198	2025-09-27 07:23:25.418	2025-09-27 07:23:25.418
\.


--
-- Data for Name: user_oauth; Type: TABLE DATA; Schema: public; Owner: postgres
--

COPY public.user_oauth (id, uid, provider, created_at) FROM stdin;
1	EDyYhLAuHcRY4uIDLpsLh3eT1tp2	google	2025-09-13 20:22:46.465
2	XlntI7kNqJSGDpUtWqWRjUXeLok1	google	2025-09-14 06:48:17.433
3	G9ateweYrSh0SS6vPiUloPH1yF12	github	2025-09-15 02:35:58.667
4	dqRf1W8Ad0hMxgBggOPfzyvC8W13	google	2025-09-16 02:28:04.249
5	a4pA7Pv8elbUzaLy3H1JTN8qgYo2	google	2025-09-16 02:31:30.634
6	S1x7p5cPXgTJc884xwXMgoDxwLy1	google	2025-09-16 04:30:04.967
7	zcuGCiKFQtU5aZGn83vgufCvLqS2	google	2025-09-20 04:54:05.766
8	sEXSMcCHIcdX6HJquef5wZHq2dH2	google	2025-09-25 14:24:30.458
9	Zr9dqwdQogbeU0kZEySh11HHWzv1	google	2025-09-29 08:57:59.576
10	5dKXD4UeyuWFYtmu648dOg1V8mp1	google	2025-10-01 01:48:53.405
\.


--
-- Data for Name: user_saved_blogs; Type: TABLE DATA; Schema: public; Owner: postgres
--

COPY public.user_saved_blogs (id, user_id, blog_id, created_at, updated_at) FROM stdin;
1	3	5	2025-09-14 07:45:34.81	2025-09-14 07:45:34.81
2	3	4	2025-09-14 07:50:30.869	2025-09-14 07:50:30.869
3	1	6	2025-09-14 15:36:53.108	2025-09-14 15:36:53.108
4	3	7	2025-09-14 20:24:40.705	2025-09-14 20:24:40.705
5	3	13	2025-09-14 20:25:57.7	2025-09-14 20:25:57.7
\.


--
-- Data for Name: user_saved_videos; Type: TABLE DATA; Schema: public; Owner: postgres
--

COPY public.user_saved_videos (id, user_id, video_id, created_at, updated_at) FROM stdin;
1	3	1	2025-09-14 08:51:04.84	2025-09-14 08:51:04.84
\.


--
-- Data for Name: user_video_history; Type: TABLE DATA; Schema: public; Owner: postgres
--

COPY public.user_video_history (id, user_id, video_id, created_at, updated_at) FROM stdin;
1	1	1	2025-09-14 08:38:32.868	2025-09-14 08:38:32.868
2	3	1	2025-09-14 08:50:53.273	2025-09-14 08:50:53.273
3	3	1	2025-09-14 08:59:46.662	2025-09-14 08:59:46.662
4	3	1	2025-09-14 08:59:48.255	2025-09-14 08:59:48.255
5	1	1	2025-09-14 09:01:23.072	2025-09-14 09:01:23.072
7	3	1	2025-09-14 10:19:55.037	2025-09-14 10:19:55.037
14	3	1	2025-09-14 11:29:58.825	2025-09-14 11:29:58.825
15	3	1	2025-09-14 11:30:00.385	2025-09-14 11:30:00.385
16	3	1	2025-09-14 11:41:11.5	2025-09-14 11:41:11.5
17	3	1	2025-09-14 11:41:11.501	2025-09-14 11:41:11.501
21	1	1	2025-09-14 11:55:32.162	2025-09-14 11:55:32.162
22	1	1	2025-09-14 11:56:02.236	2025-09-14 11:56:02.236
23	1	1	2025-09-14 12:13:12.358	2025-09-14 12:13:12.358
24	1	1	2025-09-14 12:14:56.958	2025-09-14 12:14:56.958
25	1	1	2025-09-14 12:14:59.285	2025-09-14 12:14:59.285
26	1	1	2025-09-14 12:15:01.476	2025-09-14 12:15:01.476
29	3	1	2025-09-14 12:34:02.061	2025-09-14 12:34:02.061
32	3	1	2025-09-14 12:46:43.02	2025-09-14 12:46:43.02
33	3	6	2025-09-14 14:08:55.282	2025-09-14 14:08:55.282
34	3	6	2025-09-14 14:08:55.28	2025-09-14 14:08:55.28
35	3	6	2025-09-14 14:08:55.281	2025-09-14 14:08:55.281
36	3	5	2025-09-14 14:45:55.548	2025-09-14 14:45:55.548
37	3	5	2025-09-14 14:45:56.603	2025-09-14 14:45:56.603
38	1	3	2025-09-14 14:47:15.114	2025-09-14 14:47:15.114
39	3	1	2025-09-14 14:47:56.136	2025-09-14 14:47:56.136
40	3	1	2025-09-14 14:47:57.587	2025-09-14 14:47:57.587
42	3	6	2025-09-14 14:56:19.133	2025-09-14 14:56:19.133
43	3	6	2025-09-14 14:56:19.885	2025-09-14 14:56:19.885
44	3	6	2025-09-14 15:06:44.853	2025-09-14 15:06:44.853
48	3	6	2025-09-14 15:21:33.708	2025-09-14 15:21:33.708
49	3	6	2025-09-14 15:21:35.377	2025-09-14 15:21:35.377
50	3	6	2025-09-14 15:21:37.176	2025-09-14 15:21:37.176
51	3	6	2025-09-14 15:21:55.195	2025-09-14 15:21:55.195
52	3	6	2025-09-14 15:21:55.279	2025-09-14 15:21:55.279
53	3	6	2025-09-14 15:21:55.768	2025-09-14 15:21:55.768
54	3	6	2025-09-14 15:22:42.33	2025-09-14 15:22:42.33
55	3	6	2025-09-14 15:23:22.785	2025-09-14 15:23:22.785
56	3	6	2025-09-14 15:23:22.782	2025-09-14 15:23:22.782
57	3	6	2025-09-14 15:23:24.34	2025-09-14 15:23:24.34
58	3	4	2025-09-14 15:24:11.384	2025-09-14 15:24:11.384
59	3	4	2025-09-14 15:24:11.419	2025-09-14 15:24:11.419
60	3	4	2025-09-14 15:24:13.37	2025-09-14 15:24:13.37
61	3	4	2025-09-14 15:24:51.343	2025-09-14 15:24:51.343
62	3	4	2025-09-14 15:25:16.386	2025-09-14 15:25:16.386
63	3	4	2025-09-14 15:25:16.695	2025-09-14 15:25:16.695
64	3	4	2025-09-14 15:25:16.754	2025-09-14 15:25:16.754
65	3	3	2025-09-14 15:25:34.724	2025-09-14 15:25:34.724
66	3	3	2025-09-14 15:25:35.476	2025-09-14 15:25:35.476
67	3	3	2025-09-14 15:25:36.14	2025-09-14 15:25:36.14
68	3	3	2025-09-14 15:26:14.347	2025-09-14 15:26:14.347
69	3	3	2025-09-14 15:26:24.022	2025-09-14 15:26:24.022
70	3	3	2025-09-14 15:26:24.099	2025-09-14 15:26:24.099
71	3	3	2025-09-14 15:26:24.129	2025-09-14 15:26:24.129
72	3	5	2025-09-14 15:26:42.901	2025-09-14 15:26:42.901
73	3	5	2025-09-14 15:26:43.711	2025-09-14 15:26:43.711
74	3	5	2025-09-14 15:26:45.949	2025-09-14 15:26:45.949
75	3	5	2025-09-14 15:27:13.516	2025-09-14 15:27:13.516
76	3	5	2025-09-14 15:27:25.781	2025-09-14 15:27:25.781
77	3	5	2025-09-14 15:27:26.544	2025-09-14 15:27:26.544
78	3	5	2025-09-14 15:27:27.333	2025-09-14 15:27:27.333
91	1	5	2025-09-14 17:06:18.371	2025-09-14 17:06:18.371
92	1	5	2025-09-14 17:06:20.141	2025-09-14 17:06:20.141
93	1	5	2025-09-14 17:06:21.621	2025-09-14 17:06:21.621
94	1	10	2025-09-14 17:14:14.644	2025-09-14 17:14:14.646
95	1	10	2025-09-14 17:14:16.728	2025-09-14 17:14:16.728
96	1	10	2025-09-14 17:14:18.285	2025-09-14 17:14:18.285
97	3	5	2025-09-14 20:20:14.466	2025-09-14 20:20:14.466
98	3	5	2025-09-14 20:20:16.099	2025-09-14 20:20:16.099
99	3	5	2025-09-14 20:20:17.841	2025-09-14 20:20:17.841
100	3	5	2025-09-14 20:20:32.718	2025-09-14 20:20:32.718
101	3	3	2025-09-14 20:20:43.888	2025-09-14 20:20:43.888
102	3	3	2025-09-14 20:20:43.926	2025-09-14 20:20:43.926
103	3	3	2025-09-14 20:20:45.642	2025-09-14 20:20:45.642
104	3	3	2025-09-14 20:22:30.901	2025-09-14 20:22:30.901
105	3	4	2025-09-14 20:22:36.937	2025-09-14 20:22:36.937
106	3	4	2025-09-14 20:22:38.612	2025-09-14 20:22:38.612
107	3	4	2025-09-14 20:22:38.623	2025-09-14 20:22:38.623
108	3	4	2025-09-14 20:22:52.166	2025-09-14 20:22:52.166
109	3	6	2025-09-14 20:23:05.433	2025-09-14 20:23:05.433
110	3	6	2025-09-14 20:23:07	2025-09-14 20:23:07
111	3	6	2025-09-14 20:23:07.067	2025-09-14 20:23:07.067
112	3	6	2025-09-14 20:23:17.769	2025-09-14 20:23:17.769
113	1	10	2025-09-15 14:29:29.893	2025-09-15 14:29:29.893
114	1	10	2025-09-15 14:29:32.195	2025-09-15 14:29:32.195
115	1	10	2025-09-15 14:29:33.97	2025-09-15 14:29:33.97
116	1	10	2025-09-15 14:30:59.19	2025-09-15 14:30:59.19
117	1	10	2025-09-15 14:31:01.389	2025-09-15 14:31:01.389
119	1	10	2025-09-15 14:31:31.781	2025-09-15 14:31:31.781
118	1	10	2025-09-15 14:31:31.78	2025-09-15 14:31:31.78
120	1	10	2025-09-15 14:40:36.129	2025-09-15 14:40:36.129
121	1	10	2025-09-15 14:40:38.281	2025-09-15 14:40:38.281
122	1	10	2025-09-15 14:40:39.856	2025-09-15 14:40:39.856
123	1	10	2025-09-15 14:42:49.405	2025-09-15 14:42:49.405
124	1	10	2025-09-15 14:42:50.965	2025-09-15 14:42:50.965
125	1	10	2025-09-15 14:42:52.813	2025-09-15 14:42:52.813
126	1	6	2025-09-15 14:51:16.654	2025-09-15 14:51:16.654
127	1	6	2025-09-15 14:51:17.828	2025-09-15 14:51:17.828
128	1	1	2025-09-15 18:22:15.92	2025-09-15 18:22:15.92
129	1	1	2025-09-15 18:22:17.785	2025-09-15 18:22:17.785
130	1	1	2025-09-15 18:22:19.295	2025-09-15 18:22:19.295
133	1	1	2025-09-16 02:19:55.736	2025-09-16 02:19:55.736
134	1	1	2025-09-16 02:19:57.949	2025-09-16 02:19:57.949
135	1	1	2025-09-16 03:01:11.9	2025-09-16 03:01:11.9
136	1	1	2025-09-16 03:01:13.442	2025-09-16 03:01:13.442
138	1	1	2025-09-16 03:22:18.316	2025-09-16 03:22:18.316
139	1	1	2025-09-16 03:22:19.511	2025-09-16 03:22:19.511
141	1	1	2025-09-27 08:23:12.864	2025-09-27 08:23:12.864
142	1	1	2025-09-27 08:23:14.592	2025-09-27 08:23:14.592
143	1	1	2025-09-27 08:23:16.026	2025-09-27 08:23:16.026
153	1	1	2025-09-27 08:28:09.691	2025-09-27 08:28:09.691
154	1	1	2025-09-27 08:28:11.097	2025-09-27 08:28:11.097
155	1	1	2025-09-27 08:28:12.519	2025-09-27 08:28:12.519
159	1	4	2025-09-27 08:31:08.743	2025-09-27 08:31:08.743
160	1	4	2025-09-27 08:31:10.394	2025-09-27 08:31:10.394
161	1	4	2025-09-27 08:31:11.771	2025-09-27 08:31:11.771
162	1	10	2025-09-27 08:31:31.69	2025-09-27 08:31:31.69
163	1	10	2025-09-27 08:31:33.407	2025-09-27 08:31:33.407
164	1	10	2025-09-27 08:31:34.788	2025-09-27 08:31:34.788
165	1	1	2025-09-27 15:23:24.067	2025-09-27 15:23:24.067
172	1	10	2025-09-27 15:26:05.215	2025-09-27 15:26:05.215
173	1	10	2025-09-27 15:26:07.1	2025-09-27 15:26:07.1
174	1	10	2025-09-27 15:26:08.632	2025-09-27 15:26:08.632
176	1	10	2025-09-27 16:03:33.507	2025-09-27 16:03:33.507
177	1	10	2025-09-27 16:03:35.397	2025-09-27 16:03:35.397
178	1	10	2025-09-27 16:03:36.935	2025-09-27 16:03:36.935
179	1	6	2025-09-28 06:50:48.478	2025-09-28 06:50:48.478
180	1	6	2025-09-28 06:50:50.43	2025-09-28 06:50:50.43
181	1	6	2025-09-28 06:50:52.057	2025-09-28 06:50:52.057
189	4	6	2025-10-09 05:43:23.36	2025-10-09 05:43:23.36
190	4	6	2025-10-09 05:43:24.6	2025-10-09 05:43:24.6
191	4	6	2025-10-09 05:44:04.003	2025-10-09 05:44:04.003
192	4	6	2025-10-09 05:44:04.93	2025-10-09 05:44:04.93
\.


--
-- Data for Name: users; Type: TABLE DATA; Schema: public; Owner: postgres
--

COPY public.users (id, uid, username, first_name, last_name, date_of_birth, is_admin, is_verified, is_social, email, phone, profile_image, profile_image_key, created_at, updated_at) FROM stdin;
1	EDyYhLAuHcRY4uIDLpsLh3eT1tp2	Raksa	Raksa		\N	f	f	t	ocraksa@gmail.com		https://lh3.googleusercontent.com/a/ACg8ocLhPxvEoOpUyc98vYI_ZzScrT5AWHXmlSj2ugePrZdntP3nn8ki=s96-c	\N	2025-09-13 20:22:46.348	2025-09-13 20:22:46.348
2	e3IBuEhYT8Rj5X3tzxUEmSdmjrx1	SaoVisal	Sao	Visal	2009-02-26	f	f	f	visalsal@gmail.com	0123456789	https://pub-92b72a731f7641aba0ab9d1897016909.r2.dev/0/2025-09-12%2012.53.49.jpg-2c4fff95-b9e6-4365-a7ae-97efbd376bf7	0/2025-09-12%2012.53.49.jpg-2c4fff95-b9e6-4365-a7ae-97efbd376bf7	2025-09-14 06:27:31.856	2025-09-14 06:27:31.856
4	EGHDjWMpOEYwcKvATE5jyTa5K2B3	RaFat	RaFat	Man	2005-12-14	f	f	f	manrafat2006@gmail.com	069363138	https://pub-92b72a731f7641aba0ab9d1897016909.r2.dev/		2025-09-14 07:40:30.008	2025-09-14 07:40:30.008
5	i1S55bWY3gU0xGXI3v1Y6cUpf222	\N	Chanraksa	Ory	\N	t	t	\N	raksasa@gmail.com	012554049	\N	\N	2025-09-14 16:45:49.59	2025-09-14 16:45:49.59
6	Q9MbvmTns1YEQWXvbko0Kc4xdeN2	\N	Hak	Kimly	\N	t	t	\N	kimly@gmail.com	123456	\N	\N	2025-09-14 16:46:19.815	2025-09-14 16:46:19.815
7	ptDYnhn5N5TUci3lMRivHdFbh9u1	\N	Ouk	Vatana	\N	t	t	\N	vatana@gmail.com	123456	\N	\N	2025-09-14 16:46:48.772	2025-09-14 16:46:48.772
8	nTQeOxmoUVUm6wHzlgT4WG0lGew1	\N	Sao	Visal	\N	t	t	\N	visalah@gmail.com	123456	\N	\N	2025-09-14 16:47:37.461	2025-09-14 16:47:37.461
9	fmY0Uuc4DXODLhpo7i3021yECwB2	\N	Man	Arafat	\N	t	t	\N	fatfat@gmail.com	1234567890	\N	\N	2025-09-14 16:48:05.915	2025-09-14 16:48:05.915
10	NQGpHqFRaObPPJVIdeqVVvlM4XC3	\N	Keo	Hengneitong	\N	t	t	\N	tong@gmail.com	123456	\N	\N	2025-09-14 16:48:30.022	2025-09-14 16:48:30.022
11	G9ateweYrSh0SS6vPiUloPH1yF12	Sliden	Sliden		\N	f	f	t	chessplayz11@gmail.com		https://avatars.githubusercontent.com/u/57210425?v=4	\N	2025-09-15 02:35:58.589	2025-09-15 02:35:58.589
12	JLnKPFd2i0Q1LutUlhlOct30apJ3	raksaoc	chanraksa	Ory	2016-10-16	f	f	f	ocraksasa@gmail.com	1234567890	https://pub-92b72a731f7641aba0ab9d1897016909.r2.dev/0/2025-09-12_12.56.05.jpg-72cb4f61-353a-4a71-897d-da58b9d9ac7d	0/2025-09-12_12.56.05.jpg-72cb4f61-353a-4a71-897d-da58b9d9ac7d	2025-09-15 18:48:56.922	2025-09-15 18:48:56.922
13	QBW5lVTuEXbjWXVAVIIAUfHSOVu2	Theb	Theb	Ou	2007-08-26	f	f	f	tharatheb.ou@gmail.com	0979899828	https://pub-92b72a731f7641aba0ab9d1897016909.r2.dev/		2025-09-16 02:17:56.001	2025-09-16 02:17:56.001
14	dqRf1W8Ad0hMxgBggOPfzyvC8W13	Da Rong Seang	Da	Rong Seang	\N	f	f	t	darong6126@gmail.com		https://lh3.googleusercontent.com/a/ACg8ocLB8v-2I8JWe-UtZemv4BJ3x1qVyuxplSk1ElpQBIq4uLYI-Eo=s96-c	\N	2025-09-16 02:28:04.183	2025-09-16 02:28:04.183
15	a4pA7Pv8elbUzaLy3H1JTN8qgYo2	KEO Hengneitong	KEO	Hengneitong	\N	f	f	t	keohengneitong@gmail.com		https://lh3.googleusercontent.com/a/ACg8ocJT274oeTgCDrjgImZxj91gHJpJ31pEHKbMdH8KiFemIUw03SVn=s96-c	\N	2025-09-16 02:31:30.571	2025-09-16 02:31:30.571
16	S1x7p5cPXgTJc884xwXMgoDxwLy1	Vandoeun Khao	Vandoeun	Khao	\N	f	f	t	khaovandoeun@gmail.com		https://lh3.googleusercontent.com/a/ACg8ocJzZHpk0-6n0GKKZPWxKn8c76Met1zUBU7ODNkwRzGo37_UXFnD=s96-c	\N	2025-09-16 04:30:04.837	2025-09-16 04:30:04.837
3	XlntI7kNqJSGDpUtWqWRjUXeLok1	Sao Visal	Sao	Visal	\N	t	t	t	saovisal12192005@gmail.com		https://lh3.googleusercontent.com/a/ACg8ocI8kMZNq4NMc65GCkIOm5iATOX-7Eot31mIyKMLgYO8nXKb-Ax9=s96-c	\N	2025-09-14 06:48:17.125	2025-09-17 21:20:31.766529
17	zcuGCiKFQtU5aZGn83vgufCvLqS2	soksonida kong	soksonida	kong	\N	f	f	t	soksonidakong@gmail.com		https://lh3.googleusercontent.com/a/ACg8ocLvXLOuPkUm2gDTC7tmUXrmUG-xexmWGuSnxXytgM2rPogofno=s96-c	\N	2025-09-20 04:54:05.685	2025-09-20 04:54:05.685
18	sEXSMcCHIcdX6HJquef5wZHq2dH2	vichara ny	vichara	ny	\N	f	f	t	nyvichara05@gmail.com		https://lh3.googleusercontent.com/a/ACg8ocJ6iYinN1FijJQkfZIrIvmF_hPIKdLT0I5l32MkouKauGtsEw=s96-c	\N	2025-09-25 14:24:30.379	2025-09-25 14:24:30.379
19	Y41ZXzV1viSosqvY74f1WMFTv7d2	Kimly	Kimly	Hak	2005-06-25	f	f	f	kimlyhak25@gmail.com	087303377	https://pub-92b72a731f7641aba0ab9d1897016909.r2.dev/		2025-09-25 14:35:16.49	2025-09-25 14:35:16.49
20	Zr9dqwdQogbeU0kZEySh11HHWzv1	Sovanntheara Heang	Sovanntheara	Heang	\N	f	f	t	sovannthearaheang@gmail.com		https://lh3.googleusercontent.com/a/ACg8ocKja40ZWA6nY_R5odqJJbvzRg5oryBhLit3jmof5JBJH45f7w=s96-c	\N	2025-09-29 08:57:59.495	2025-09-29 08:57:59.495
21	5dKXD4UeyuWFYtmu648dOg1V8mp1	VATANA OUK	VATANA	OUK	\N	f	f	t	vatana.ouk.109233120@acestudent.org		https://lh3.googleusercontent.com/a/ACg8ocK_T9xhtJ67dIN_OTrilv-1seZOvgTnjLnEuzsxulfw_dCrZg=s96-c	\N	2025-10-01 01:48:53.318	2025-10-01 01:48:53.318
22	Ir5qdsDWiYOWDZ1CDJIKEyTWmKK2	chanvicheka	chan	vicheka	2000-11-14	f	f	f	meyynoi1122@gmail.com	17960377	https://pub-92b72a731f7641aba0ab9d1897016909.r2.dev/		2025-10-14 05:39:31.4	2025-10-14 05:39:31.4
\.


--
-- Data for Name: video_comment_like; Type: TABLE DATA; Schema: public; Owner: postgres
--

COPY public.video_comment_like (id, video_comment_id, user_id, created_at, updated_at) FROM stdin;
\.


--
-- Data for Name: video_comment_medias; Type: TABLE DATA; Schema: public; Owner: postgres
--

COPY public.video_comment_medias (id, user_id, url_for_deletion, video_comment_id, url, media_type, created_at, updated_at) FROM stdin;
\.


--
-- Data for Name: video_comments; Type: TABLE DATA; Schema: public; Owner: postgres
--

COPY public.video_comments (id, video_id, user_id, description, created_at, updated_at) FROM stdin;
1	5	1	hello teacher	2025-09-14 17:10:19.942	2025-09-14 17:10:19.942
2	5	1	hello teacher	2025-09-14 17:10:29.446	2025-09-14 17:10:29.446
3	10	1	hello teacher	2025-09-15 14:32:00.348	2025-09-15 14:32:00.348
4	10	1	hello teacher	2025-09-15 14:41:07.169	2025-09-15 14:41:07.169
\.


--
-- Data for Name: video_likes; Type: TABLE DATA; Schema: public; Owner: postgres
--

COPY public.video_likes (id, video_id, user_id, created_at, updated_at) FROM stdin;
1	1	1	2025-09-14 08:47:11.46	2025-09-14 08:47:11.46
2	1	3	2025-09-14 08:51:03.771	2025-09-14 08:51:03.771
3	5	1	2025-09-14 17:07:01.194	2025-09-14 17:07:01.194
\.


--
-- Data for Name: video_replies; Type: TABLE DATA; Schema: public; Owner: postgres
--

COPY public.video_replies (id, video_comment_id, user_id, description, created_at, updated_at) FROM stdin;
1	3	1	hi o	2025-09-15 14:41:51.115	2025-09-15 14:41:51.115
\.


--
-- Data for Name: video_reply_like; Type: TABLE DATA; Schema: public; Owner: postgres
--

COPY public.video_reply_like (id, video_reply_id, user_id, media_type, created_at, updated_at) FROM stdin;
1	1	1	\N	2025-09-15 14:41:56.398	2025-09-15 14:41:56.398
\.


--
-- Data for Name: video_reply_medias; Type: TABLE DATA; Schema: public; Owner: postgres
--

COPY public.video_reply_medias (id, user_id, url_for_deletion, video_reply_id, url, media_type, created_at, updated_at) FROM stdin;
\.


--
-- Data for Name: videos; Type: TABLE DATA; Schema: public; Owner: postgres
--

COPY public.videos (id, user_id, title, description, view_count, type, topic, video_url, video_url_for_deletion, thumbnail_url, thumbnail_url_for_deletion, duration, created_at, updated_at) FROM stdin;
10	1	Limit	# បទពិសោធន៍ក្នុងការរៀនគណិតវិទ្យា នៅថ្នាក់ទី១២\n\nខ្ញុំបានប្រឈមមុខនឹងការលំបាកជាច្រើនក្នុងការរៀនគណិតវិទ្យា ពិសេសនៅពេលរៀនអាំងតេក្រាល់។ជាច្រើនដង ខ្ញុំមានអារម្មណ៍ថាមិនអាចដោះស្រាយបានទេ ប៉ុន្តែបន្ទាប់ពីការអនុវត្តន៍ជាញឹកញាប់ និងការប្រើប្រាស់បច្ចេកទេសដូចជា **សមីការជំនួស** ខ្ញុំបានសង្កេតឃើញថា គន្លឹះសំខាន់គឺស៊ូស្រឡះ និងសួរអ្នកគ្រូ។\n\n> មួយថ្ងៃ ខ្ញុំបានអនុវត្តលើលំហាត់ប្រភេទ $\\\\int x^2 dx$ ហើយដល់ពេលធ្វើបាន ខ្ញុំមានអារម្មណ៍ថា ខ្លួនឯងអាចឈ្នះលើភាពលំបាក។\n\n$$\\int x^2 , dx = \\frac{x^3}{3} + C$$\n\nការទទួលស្គាល់ថា "ការយល់អស់ពេល" គឺជាផ្នែកមួយនៃដំណើរការរៀន បានធ្វើឱ្យខ្ញុំក្លាយជាសិស្សដែលមានភាពអត់ធ្មត់កាន់តែច្រើន។\n---\n\n# តើហេតុអ្វីគណិតវិទ្យាជាកូនសោរទៅកាន់វិទ្យាសាស្ត្រ?\n\nគណិតវិទ្យាគឺជាភាសារបស់វិទ្យាសាស្ត្រទាំងអស់។ ពេលយើងសិក្សាអំពីរូបវិទ្យា ឬគីមីវិទ្យា យើងតែងតែប្រើរូបមន្តគណិត។\n\n**ឧទាហរណ៍៖**\n\n* ក្នុងរូបវិទ្យា ពេលយើងសិក្សាអំពីកម្លាំងទំនាញ យើងប្រើរូបមន្ត៖\n\n$$F = G \\cdot \\frac{m_1 m_2}{r^2}$$\n\n* ក្នុងគីមីវិទ្យា យើងប្រើសមីការអនុគមន៍ និងសមីការបំលែងអាតូម។\n\n> គណិតវិទ្យាមិនមែនត្រឹមតែជាមេរៀនសាលាទេ ប៉ុន្តែវាជា "ភាសា" ដែលអាចពន្យល់ពិភពលោក។\n\nការយល់ថាគ្មានគណិតវិទ្យា វិទ្យាសាស្ត្រមិនអាចមានបាន នាំឱ្យយើងមានចិត្តស្រលាញ់ការរៀនវាជាងមុន។\n---\n\n# បទពិសោធន៍ក្នុងការសិក្សាជាក្រុម\n\nការរៀនម្នាក់ឯងអាចលំបាក តែការរៀនជាក្រុមអាចធ្វើឱ្យយល់រហ័សជាង។ខ្ញុំ និងមិត្តភក្តិបានបង្កើតក្រុមតូចមួយ ដើម្បីរៀនលើរូបវិទ្យា។\n\n**អ្វីដែលខ្ញុំបានសង្កេតឃើញ៖**\n\n* ពេលខ្លះ ខ្ញុំមិនយល់អំពីមេរៀនអេឡិចត្រូម៉ាញេទិច\n* ប៉ុន្តែពេលមិត្តភក្តិពន្យល់ដោយប្រើគំរូ និងគំនូរ ខ្ញុំចាប់ផ្តើមយល់\n* ការសួរ និងឆ្លើយគ្នា បង្កើតការយល់ដឹងជ្រាលជ្រៅ\n\nឧទាហរណ៍៖ នៅពេលយើងសិក្សា អំពីច្បាប់អូម (Ohm’s law)\n\n$$V = I \\cdot R$$\n\n> ដោយសារតែការពន្យល់គ្នា ខ្ញុំចាប់ផ្តើមយល់ថា "V" មិនមែនជារូបមន្តស្ងួតទេ ប៉ុន្តែវាអាចពន្យល់អំពីពិភពជាក់ស្តែង ដូចជាបន្ទះអគ្គិសនីក្នុងផ្ទះ។\n\n***\n\n# តួនាទីនៃវិទ្យាសាស្ត្រនៅក្នុងជីវិតប្រចាំថ្ងៃ\n\nមនុស្សជាច្រើនគិតថាវិទ្យាសាស្ត្រត្រឹមតែសម្រាប់អ្នកវិទ្យាសាស្ត្រ ប៉ុន្តែជាក់ស្តែងវានៅគ្រប់ទីកន្លែង។\n\n**ឧទាហរណ៍៖**\n\n* នៅពេលយើងចម្អិនម្ហូប គីមីវិទ្យាកំពុងដើរតួនាទី\n* នៅពេលយើងប្រើទូរស័ព្ទ ចលនាអេឡិចត្រូនិចកំពុងដើរតួនាទី\n* នៅពេលយើងសម្រាកក្រោមពន្លឺព្រះអាទិត្យ វិទ្យាសាស្ត្រពន្លឺកំពុងដើរតួនាទី\n\n$$E = mc^2$$\n\n> នេះបង្ហាញថា ទោះជាយើងមិនសិក្សាផ្លូវការ វិទ្យាសាស្ត្រក៏នៅជាមួយយើងជានិច្ច។\n\n***\n\n# គន្លឹះក្នុងការរៀនបានលឿនជាងមុន\n\nខ្ញុំបានសាកល្បងវិធីរៀនជាច្រើន ហើយឃើញថា **ការបែងចែកពេលវេលា** និង **ការសរសេរចំណាំ** គឺជាវិធីមានប្រសិទ្ធភាព។\n\n**វិធីសាស្ត្រដែលមានប្រសិទ្ធភាព៖**\n\n1. រៀន ២៥ នាទី → សម្រាក ៥ នាទី (Pomodoro)\n2. សរសេរចំណាំដោយប្រើ Markdown\n3. ពិនិត្យមើលម្តងទៀតជាមួយសមីការសំខាន់ៗ\n\nឧទាហរណ៍៖ នៅពេលរៀនគីមីវិទ្យា ខ្ញុំសរសេរចំណាំដូចជា៖\n\n* **ច្បាប់ឧស្ម័នបរិសុទ្ធ**$$PV = nRT$$\n\n> ដោយសារតែការសរសេរដោយដៃ និងការធ្វើសង្ខេបខ្លួនឯង ខ្ញុំចាប់ផ្តើមចងចាំបានយូរ និងយល់ជ្រាលជ្រៅជាងមុន។\n\n***	6	\N	\N	https://pub-40615ac577dd46c09cbc7e483a7e491f.r2.dev/1/ល_ម_ត__ង_យយល____khmer_math_grade_12_in_Cambodia_language_maths_tricks__38__-_Teacher_Chamnan__1080p__h264_.mp4-5dc4432b-f5cb-4385-9582-d7648f95ae6e	1/ល_ម_ត__ង_យយល____khmer_math_grade_12_in_Cambodia_language_maths_tricks__38__-_Teacher_Chamnan__1080p__h264_.mp4-5dc4432b-f5cb-4385-9582-d7648f95ae6e	https://pub-92b72a731f7641aba0ab9d1897016909.r2.dev/1/thumbnail_1757870036024.jpg-9345510a-196b-4215-9088-6e6b7c9dfcbb	1/thumbnail_1757870036024.jpg-9345510a-196b-4215-9088-6e6b7c9dfcbb	138	2025-09-14 17:13:57.289	2025-09-27 16:03:36.853306
1	1	ការយល់ដឹងអំពី Limit	# 🎥 មេរៀន៖ អាំងតេក្រាល និងដេរីវេទីវ\n\n## 📌 សេចក្តីពិពណ៌នា\n\nក្នុងវីដេអូនេះ យើងនឹងសិក្សាអំពី **ការរកដេរីវេទីវ និងអាំងតេក្រាល** ដើម្បីដោះស្រាយបញ្ហាគណិតវិទ្យា។វីដេអូនេះផ្តោតលើ៖\n\n* ការពន្យល់អំពី **Derivative**\n* ការសិក្សា **Integral**\n* ឧទាហរណ៍ជាក់ស្តែង\n\n***\n\n## ✏️ មាតិកា\n\n**1\\. ដេរីវេទីវ \\(Derivative\\):**ដេរីវេទីវនៃអនុគមន៍ ( f(x) ) ត្រូវបានកំណត់ជា៖\n\n$$f'(x) = \\lim_{h \\to 0} \\frac{f(x+h) - f(x)}{h}$$\n\n**2\\. អាំងតេក្រាល \\(Integral\\):**អាំងតេក្រាលអសកម្មនៃអនុគមន៍ ( f(x) ) គឺ៖\n\n$$\\int f(x), dx = F(x) + C$$\n\n**3\\. ឧទាហរណ៍:**\n\n* ប្រសិនបើ ( f(x) = x^2 )\n    * ដេរីវេទីវ៖ ( f'(x) = 2x )\n    * អាំងតេក្រាល៖\n\n    $$\\int x^2 dx = \\frac{x^3}{3} + C$$\n\n***\n\n## 🎯 គោលបំណង\n\n* ឲ្យអ្នកសិស្សយល់ពី **មូលដ្ឋានគ្រឹះនៃ Calculus**\n* អាចប្រើវិធីសាស្ត្រទាំងនេះដើម្បីដោះស្រាយបញ្ហាផ្សេងៗក្នុងជីវិតប្រចាំថ្ងៃ។\n\n***\n\n👉 កុំភ្លេច **Like 👍 Share 📤 Subscribe 🔔** ដើម្បីទទួលបានវីដេអូបន្ទាប់!	34	\N	\N	https://pub-40615ac577dd46c09cbc7e483a7e491f.r2.dev/1/%E1%9E%9B%E1%9E%B8%E1%9E%98%E1%9E%B8%E1%9E%8F%20(%E1%9E%84%E1%9E%B6%E1%9E%99%E1%9E%99%E1%9E%9B%E1%9F%8B%20)%20khmer%20math%20grade%2012%20in%20Cambodia%20language%20%20maths%20tricks%20(%2338)%20-%20Teacher%20Chamnan%20(1080p%2C%20h264).mp4-2c2dcc44-606a-4923-b3d2-8a53cc9a613b	1/%E1%9E%9B%E1%9E%B8%E1%9E%98%E1%9E%B8%E1%9E%8F%20(%E1%9E%84%E1%9E%B6%E1%9E%99%E1%9E%99%E1%9E%9B%E1%9F%8B%20)%20khmer%20math%20grade%2012%20in%20Cambodia%20language%20%20maths%20tricks%20(%2338)%20-%20Teacher%20Chamnan%20(1080p%2C%20h264).mp4-2c2dcc44-606a-4923-b3d2-8a53cc9a613b	https://pub-92b72a731f7641aba0ab9d1897016909.r2.dev/1/thumbnail_1757837947631.jpg-b928bfeb-8806-48e6-8069-59f238a37ce9	1/thumbnail_1757837947631.jpg-b928bfeb-8806-48e6-8069-59f238a37ce9	138	2025-09-14 08:19:08.796	2025-10-14 10:11:12.661893
5	3	ដោះស្រាយដោយប្រើ IQ 	ដោះស្រាយសមីការ ដោយលោកគ្រូ​ អៀម អាង	6	\N	\N	https://pub-40615ac577dd46c09cbc7e483a7e491f.r2.dev/3/ដ_ស_រ_យសម_ក_រ_-_Start_UP_Community__360p__h264_.mp4-75eeebaf-1677-4db0-afe5-3399a73e2c61	3/ដ_ស_រ_យសម_ក_រ_-_Start_UP_Community__360p__h264_.mp4-75eeebaf-1677-4db0-afe5-3399a73e2c61	https://pub-92b72a731f7641aba0ab9d1897016909.r2.dev/3/thumbnail_1757863616826.jpg-51ca37b2-352a-4bba-9c35-1123a39d393c	3/thumbnail_1757863616826.jpg-51ca37b2-352a-4bba-9c35-1123a39d393c	151	2025-09-14 14:05:18.242	2025-09-14 20:20:34.671892
4	3	ដោះស្រាយដោយប្រើ IQ 	ដោះស្រាយសមីការ ដោយលោកគ្រូ​ អៀម អាង	5	\N	\N	https://pub-40615ac577dd46c09cbc7e483a7e491f.r2.dev/3/ដ_ស_រ_យដ_យប_រ__IQ_-_Start_UP_Community__360p__h264_.mp4-479e07ca-06e8-4d22-942b-bb224644f991	3/ដ_ស_រ_យដ_យប_រ__IQ_-_Start_UP_Community__360p__h264_.mp4-479e07ca-06e8-4d22-942b-bb224644f991	https://pub-92b72a731f7641aba0ab9d1897016909.r2.dev/3/thumbnail_1757863480870.jpg-5f92d47c-f020-4a4f-8b32-234bfb02ea70	3/thumbnail_1757863480870.jpg-5f92d47c-f020-4a4f-8b32-234bfb02ea70	151	2025-09-14 14:05:06.94	2025-09-27 08:31:11.735413
3	3	សម្រួលរ៉ាឌីកាល់	សម្រួលរ៉ាឌីកាល់ ដោយលោកគ្រូ​ អៀម អាង	7	\N	\N	https://pub-40615ac577dd46c09cbc7e483a7e491f.r2.dev/3/សម_រ_លរ_ឌ_ក_ល__-_Start_UP_Community__360p__h264_.mp4-0f00470c-e995-4f98-8ef5-af1b9680c73c	3/សម_រ_លរ_ឌ_ក_ល__-_Start_UP_Community__360p__h264_.mp4-0f00470c-e995-4f98-8ef5-af1b9680c73c	https://pub-92b72a731f7641aba0ab9d1897016909.r2.dev/3/thumbnail_1757863554779.jpg-e48b2bf0-a5a6-49a2-b9a0-df9842578090	3/thumbnail_1757863554779.jpg-e48b2bf0-a5a6-49a2-b9a0-df9842578090	105	2025-09-14 14:01:58.273	2025-09-29 06:03:00.823665
6	3	Limit (easy)	មេរៀន លីមីត (ភាគ១) លីមីតងាយៗ By Kim Rachana គីម រចនា - Start UP Community	14	\N	\N	https://pub-40615ac577dd46c09cbc7e483a7e491f.r2.dev/3/ម_រ_ន_ល_ម_ត__ភ_គ១__ល_ម_តង_យៗ_By_Kim_Rachana_គ_ម_រចន__-_Start_UP_Community__360p__h264_.mp4-deea588f-a2c1-4449-aab1-4460fe2aa74b	3/ម_រ_ន_ល_ម_ត__ភ_គ១__ល_ម_តង_យៗ_By_Kim_Rachana_គ_ម_រចន__-_Start_UP_Community__360p__h264_.mp4-deea588f-a2c1-4449-aab1-4460fe2aa74b	https://pub-92b72a731f7641aba0ab9d1897016909.r2.dev/3/thumbnail_1757863351119.jpg-1f15974c-51f3-40b0-a3a9-90fa152f07d1	3/thumbnail_1757863351119.jpg-1f15974c-51f3-40b0-a3a9-90fa152f07d1	341	2025-09-14 14:08:18.83	2025-10-09 05:44:04.893845
\.

